n,model,metric,tail_var,r,p,draws
5000,glm_hurdle,gini_total_loss,n_above_q99,-0.1918884688974549,0.4176708479541141,20
5000,glm_hurdle,gini_total_loss,max_claim,0.06320543549986792,0.7912196827073332,20
5000,glm_hurdle,gini_total_loss,top1_share,0.0015037593984962405,0.9949797739432688,20
5000,glm_hurdle,gini_total_loss,sample_loss_cost,-0.030075187969924807,0.8998365956859304,20
5000,glm_hurdle,gini_total_loss,cap_q995,0.1413533834586466,0.5522144386322418,20
5000,glm_hurdle,tweedie_deviance_1.5,n_above_q99,-0.11147047985744266,0.6398739083771913,20
5000,glm_hurdle,tweedie_deviance_1.5,max_claim,-0.0504138592677518,0.8328294399930933,20
5000,glm_hurdle,tweedie_deviance_1.5,top1_share,0.05263157894736842,0.825581450455932,20
5000,glm_hurdle,tweedie_deviance_1.5,sample_loss_cost,-0.1263157894736842,0.5956535128148983,20
5000,glm_hurdle,tweedie_deviance_1.5,cap_q995,-0.3233082706766917,0.1643897370386501,20
5000,glm_hurdle,calibration_ratio,n_above_q99,0.75799926303061,0.00010794590105348906,20
5000,glm_hurdle,calibration_ratio,max_claim,0.2761475574815658,0.23858073102671096,20
5000,glm_hurdle,calibration_ratio,top1_share,0.1518796992481203,0.5226819111403138,20
5000,glm_hurdle,calibration_ratio,sample_loss_cost,0.7353383458646616,0.00022055698212103086,20
5000,glm_hurdle,calibration_ratio,cap_q995,0.8511278195488721,1.9615293616584198e-06,20
5000,glm_hurdle,gini_exposure_weighted,n_above_q99,-0.2094052585893387,0.37557922798968635,20
5000,glm_hurdle,gini_exposure_weighted,max_claim,0.0007524456607127133,0.9974879861823557,20
5000,glm_hurdle,gini_exposure_weighted,top1_share,-0.048120300751879695,0.8403389659546907,20
5000,glm_hurdle,gini_exposure_weighted,sample_loss_cost,-0.09172932330827067,0.7005157258604466,20
5000,glm_hurdle,gini_exposure_weighted,cap_q995,-0.003007518796992481,0.989959729518499,20
5000,glm_tweedie,gini_total_loss,n_above_q99,-0.15128136552081506,0.5243404683927909,20
5000,glm_tweedie,gini_total_loss,max_claim,0.26185108992802425,0.2647514410023864,20
5000,glm_tweedie,gini_total_loss,top1_share,0.21353383458646616,0.366020638339514,20
5000,glm_tweedie,gini_total_loss,sample_loss_cost,0.16541353383458643,0.4858377042773382,20
5000,glm_tweedie,gini_total_loss,cap_q995,0.18796992481203004,0.42742125802266395,20
5000,glm_tweedie,tweedie_deviance_1.5,n_above_q99,-0.1624284135065593,0.49385216561862294,20
5000,glm_tweedie,tweedie_deviance_1.5,max_claim,-0.0677201094641442,0.7766567966844706,20
5000,glm_tweedie,tweedie_deviance_1.5,top1_share,0.030075187969924807,0.8998365956859304,20
5000,glm_tweedie,tweedie_deviance_1.5,sample_loss_cost,-0.24511278195488717,0.2976005003886619,20
5000,glm_tweedie,tweedie_deviance_1.5,cap_q995,-0.3669172932330827,0.1115351994023919,20
5000,glm_tweedie,calibration_ratio,n_above_q99,0.5804427129719693,0.007291123077292288,20
5000,glm_tweedie,calibration_ratio,max_claim,0.7298722908913319,0.000259311727210937,20
5000,glm_tweedie,calibration_ratio,top1_share,0.6360902255639098,0.002571107276428486,20
5000,glm_tweedie,calibration_ratio,sample_loss_cost,0.9533834586466164,8.333045726679197e-11,20
5000,glm_tweedie,calibration_ratio,cap_q995,0.732330827067669,0.00024121635708852925,20
5000,glm_tweedie,gini_exposure_weighted,n_above_q99,-0.11067426214417521,0.6422807595862106,20
5000,glm_tweedie,gini_exposure_weighted,max_claim,0.06546277248200606,0.7839295947700703,20
5000,glm_tweedie,gini_exposure_weighted,top1_share,0.004511278195488721,0.9849400483404017,20
5000,glm_tweedie,gini_exposure_weighted,sample_loss_cost,0.037593984962406006,0.8749652018566715,20
5000,glm_tweedie,gini_exposure_weighted,cap_q995,0.1744360902255639,0.4620108862392818,20
5000,intercept,gini_total_loss,n_above_q99,,,20
5000,intercept,gini_total_loss,max_claim,,,20
5000,intercept,gini_total_loss,top1_share,,,20
5000,intercept,gini_total_loss,sample_loss_cost,,,20
5000,intercept,gini_total_loss,cap_q995,,,20
5000,intercept,tweedie_deviance_1.5,n_above_q99,-0.5692956649862251,0.008794823811150322,20
5000,intercept,tweedie_deviance_1.5,max_claim,-0.7870581611054981,3.831256813997388e-05,20
5000,intercept,tweedie_deviance_1.5,top1_share,-0.7037593984962407,0.0005349352863012421,20
5000,intercept,tweedie_deviance_1.5,sample_loss_cost,-0.9984962406015038,3.713627835952656e-24,20
5000,intercept,tweedie_deviance_1.5,cap_q995,-0.7624060150375939,9.311509889394973e-05,20
5000,intercept,calibration_ratio,n_above_q99,0.5613334878535505,0.010016464260857429,20
5000,intercept,calibration_ratio,max_claim,0.7915728350697744,3.215971618065317e-05,20
5000,intercept,calibration_ratio,top1_share,0.7127819548872181,0.00042017538910877765,20
5000,intercept,calibration_ratio,sample_loss_cost,1.0,0.0,20
5000,intercept,calibration_ratio,cap_q995,0.7518796992481201,0.0001318787449947423,20
5000,intercept,gini_exposure_weighted,n_above_q99,,,20
5000,intercept,gini_exposure_weighted,max_claim,,,20
5000,intercept,gini_exposure_weighted,top1_share,,,20
5000,intercept,gini_exposure_weighted,sample_loss_cost,,,20
5000,intercept,gini_exposure_weighted,cap_q995,,,20
5000,one_over_exposure,gini_total_loss,n_above_q99,-0.4972267167753142,0.025710259345814297,20
5000,one_over_exposure,gini_total_loss,max_claim,-0.19696515929259567,0.405218791014923,20
5000,one_over_exposure,gini_total_loss,top1_share,-0.21131128536280025,0.37114897619446896,20
5000,one_over_exposure,gini_total_loss,sample_loss_cost,-0.34252262501045966,0.13932109919022076,20
5000,one_over_exposure,gini_total_loss,cap_q995,-0.4538996923857984,0.0444032106204007,20
5000,one_over_exposure,tweedie_deviance_1.5,n_above_q99,-0.546205351301469,0.012716665057199057,20
5000,one_over_exposure,tweedie_deviance_1.5,max_claim,-0.795335063373338,2.7704161275279885e-05,20
5000,one_over_exposure,tweedie_deviance_1.5,top1_share,-0.7097744360902255,0.0004558392343877837,20
5000,one_over_exposure,tweedie_deviance_1.5,sample_loss_cost,-0.993984962406015,9.577981441687848e-19,20
5000,one_over_exposure,tweedie_deviance_1.5,cap_q995,-0.7383458646616541,0.0002014294307883675,20
5000,one_over_exposure,calibration_ratio,n_above_q99,0.5382431741687945,0.014357660403410504,20
5000,one_over_exposure,calibration_ratio,max_claim,0.7998497373376143,2.3070770870338036e-05,20
5000,one_over_exposure,calibration_ratio,top1_share,0.7187969924812029,0.0003559194073895135,20
5000,one_over_exposure,calibration_ratio,sample_loss_cost,0.9954887218045112,7.230721163595862e-20,20
5000,one_over_exposure,calibration_ratio,cap_q995,0.7278195488721804,0.0002752962640906018,20
5000,one_over_exposure,gini_exposure_weighted,n_above_q99,,,20
5000,one_over_exposure,gini_exposure_weighted,max_claim,,,20
5000,one_over_exposure,gini_exposure_weighted,top1_share,,,20
5000,one_over_exposure,gini_exposure_weighted,sample_loss_cost,,,20
5000,one_over_exposure,gini_exposure_weighted,cap_q995,,,20
5000,tabicl,gini_total_loss,n_above_q99,-0.1910922511841874,0.419642295229362,20
5000,tabicl,gini_total_loss,max_claim,-0.03762228303563567,0.8748717932499118,20
5000,tabicl,gini_total_loss,top1_share,-0.08421052631578946,0.7241036435108112,20
5000,tabicl,gini_total_loss,sample_loss_cost,-0.13984962406015036,0.5564935505662203,20
5000,tabicl,gini_total_loss,cap_q995,-0.14436090225563908,0.5437007991990149,20
5000,tabicl,tweedie_deviance_1.5,n_above_q99,-0.2611594099517228,0.26606166195774006,20
5000,tabicl,tweedie_deviance_1.5,max_claim,0.021068478499955974,0.9297466854018648,20
5000,tabicl,tweedie_deviance_1.5,top1_share,0.11127819548872178,0.6404548402871416,20
5000,tabicl,tweedie_deviance_1.5,sample_loss_cost,-0.13834586466165413,0.5607873732874131,20
5000,tabicl,tweedie_deviance_1.5,cap_q995,-0.20300751879699244,0.39066623935419637,20
5000,tabicl,calibration_ratio,n_above_q99,0.8694697428880528,6.443396304620777e-07,20
5000,tabicl,calibration_ratio,max_claim,0.15425136044610624,0.5161320896288468,20
5000,tabicl,calibration_ratio,top1_share,0.030075187969924807,0.8998365956859304,20
5000,tabicl,calibration_ratio,sample_loss_cost,0.669172932330827,0.0012527491395978975,20
5000,tabicl,calibration_ratio,cap_q995,0.6932330827067669,0.000701450858560554,20
5000,tabicl,gini_exposure_weighted,n_above_q99,-0.13774566439526842,0.5625052623825529,20
5000,tabicl,gini_exposure_weighted,max_claim,0.11361929476761971,0.6333956697715749,20
5000,tabicl,gini_exposure_weighted,top1_share,0.10375939849624059,0.6633257542362446,20
5000,tabicl,gini_exposure_weighted,sample_loss_cost,-0.009022556390977442,0.9698849998123449,20
5000,tabicl,gini_exposure_weighted,cap_q995,-0.013533834586466165,0.9548397533571387,20
5000,xgb_hurdle,gini_total_loss,n_above_q99,-0.3855488102954242,0.09318403530489063,20
5000,xgb_hurdle,gini_total_loss,max_claim,-0.2227943850545637,0.3450916742815452,20
5000,xgb_hurdle,gini_total_loss,top1_share,-0.24030835895127892,0.30746881520260627,20
5000,xgb_hurdle,gini_total_loss,sample_loss_cost,-0.26924180685176735,0.2510054973361679,20
5000,xgb_hurdle,gini_total_loss,cap_q995,-0.27727887571301413,0.236583798197991,20
5000,xgb_hurdle,tweedie_deviance_1.5,n_above_q99,-0.8973373628524134,8.245446636797009e-08,20
5000,xgb_hurdle,tweedie_deviance_1.5,max_claim,-0.11888641439260872,0.6176254047722861,20
5000,xgb_hurdle,tweedie_deviance_1.5,top1_share,0.0015037593984962405,0.9949797739432688,20
5000,xgb_hurdle,tweedie_deviance_1.5,sample_loss_cost,-0.6360902255639098,0.002571107276428486,20
5000,xgb_hurdle,tweedie_deviance_1.5,cap_q995,-0.6781954887218045,0.0010140621699159448,20
5000,xgb_hurdle,calibration_ratio,n_above_q99,0.8973373628524134,8.245446636797009e-08,20
5000,xgb_hurdle,calibration_ratio,max_claim,0.11888641439260872,0.6176254047722861,20
5000,xgb_hurdle,calibration_ratio,top1_share,-0.0015037593984962405,0.9949797739432688,20
5000,xgb_hurdle,calibration_ratio,sample_loss_cost,0.6360902255639098,0.002571107276428486,20
5000,xgb_hurdle,calibration_ratio,cap_q995,0.6781954887218045,0.0010140621699159448,20
5000,xgb_hurdle,gini_exposure_weighted,n_above_q99,0.23172534646472193,0.3255842480340358,20
5000,xgb_hurdle,gini_exposure_weighted,max_claim,0.2588019321336181,0.2705579150377115,20
5000,xgb_hurdle,gini_exposure_weighted,top1_share,0.1392500690033995,0.5582037583475347,20
5000,xgb_hurdle,gini_exposure_weighted,sample_loss_cost,0.3381787390082559,0.1447371604873946,20
5000,xgb_hurdle,gini_exposure_weighted,cap_q995,0.37796447300922725,0.10036562194728642,20
5000,xgb_tweedie,gini_total_loss,n_above_q99,0.08997260159922156,0.7060042266310951,20
5000,xgb_tweedie,gini_total_loss,max_claim,-0.07524456607127133,0.7525461491256111,20
5000,xgb_tweedie,gini_total_loss,top1_share,-0.11578947368421053,0.6268789936728246,20
5000,xgb_tweedie,gini_total_loss,sample_loss_cost,-0.07518796992481201,0.7527267095067718,20
5000,xgb_tweedie,gini_total_loss,cap_q995,0.09473684210526315,0.6911525963694355,20
5000,xgb_tweedie,tweedie_deviance_1.5,n_above_q99,-0.355909317830549,0.1235295947307119,20
5000,xgb_tweedie,tweedie_deviance_1.5,max_claim,-0.5244546255167613,0.01759957827746521,20
5000,xgb_tweedie,tweedie_deviance_1.5,top1_share,-0.4526315789473684,0.045075688783048344,20
5000,xgb_tweedie,tweedie_deviance_1.5,sample_loss_cost,-0.5894736842105263,0.006233369103076914,20
5000,xgb_tweedie,tweedie_deviance_1.5,cap_q995,-0.4466165413533834,0.04837283310926692,20
5000,xgb_tweedie,calibration_ratio,n_above_q99,0.562129705566818,0.009888422008947803,20
5000,xgb_tweedie,calibration_ratio,max_claim,0.6072236481951597,0.00451989664469107,20
5000,xgb_tweedie,calibration_ratio,top1_share,0.5353383458646617,0.014997129643632595,20
5000,xgb_tweedie,calibration_ratio,sample_loss_cost,0.819548872180451,9.806689618126176e-06,20
5000,xgb_tweedie,calibration_ratio,cap_q995,0.5157894736842105,0.019919763459703674,20
5000,xgb_tweedie,gini_exposure_weighted,n_above_q99,-0.010350830272476817,0.9654539295223231,20
5000,xgb_tweedie,gini_exposure_weighted,max_claim,0.19413098046388005,0.4121452431993471,20
5000,xgb_tweedie,gini_exposure_weighted,top1_share,0.16992481203007515,0.47384906489411216,20
5000,xgb_tweedie,gini_exposure_weighted,sample_loss_cost,0.10075187969924812,0.6725564354857819,20
5000,xgb_tweedie,gini_exposure_weighted,cap_q995,0.14436090225563908,0.5437007991990149,20
10000,glm_hurdle,gini_total_loss,n_above_q99,-0.0022974783187196353,0.9923300444635047,20
10000,glm_hurdle,gini_total_loss,max_claim,0.00225733698213814,0.9924640495693607,20
10000,glm_hurdle,gini_total_loss,top1_share,-0.0015037593984962405,0.9949797739432688,20
10000,glm_hurdle,gini_total_loss,sample_loss_cost,-0.09022556390977443,0.705213030860713,20
10000,glm_hurdle,gini_total_loss,cap_q995,-0.10676691729323308,0.6541415450094845,20
10000,glm_hurdle,tweedie_deviance_1.5,n_above_q99,-0.03139887035583502,0.8954508158635269,20
10000,glm_hurdle,tweedie_deviance_1.5,max_claim,-0.3551543518564007,0.12438459182115423,20
10000,glm_hurdle,tweedie_deviance_1.5,top1_share,-0.35488721804511275,0.12468812756013885,20
10000,glm_hurdle,tweedie_deviance_1.5,sample_loss_cost,-0.38947368421052625,0.08961904769837135,20
10000,glm_hurdle,tweedie_deviance_1.5,cap_q995,-0.09172932330827067,0.7005157258604466,20
10000,glm_hurdle,calibration_ratio,n_above_q99,0.7474462796901215,0.00015193927733339556,20
10000,glm_hurdle,calibration_ratio,max_claim,0.6644095184093259,0.001396750854692911,20
10000,glm_hurdle,calibration_ratio,top1_share,0.5774436090225563,0.007673261374909007,20
10000,glm_hurdle,calibration_ratio,sample_loss_cost,0.8721804511278194,5.389740442330202e-07,20
10000,glm_hurdle,calibration_ratio,cap_q995,0.78796992481203,3.6994064734938586e-05,20
10000,glm_hurdle,gini_exposure_weighted,n_above_q99,-0.572837927467429,0.008291863239496862,20
10000,glm_hurdle,gini_exposure_weighted,max_claim,-0.11963886005332143,0.6153853947422891,20
10000,glm_hurdle,gini_exposure_weighted,top1_share,-0.04060150375939849,0.8650468790077723,20
10000,glm_hurdle,gini_exposure_weighted,sample_loss_cost,-0.2721804511278195,0.24566887828037726,20
10000,glm_hurdle,gini_exposure_weighted,cap_q995,-0.48872180451127817,0.028772030054996112,20
10000,glm_tweedie,gini_total_loss,n_above_q99,-0.11717139425470141,0.6227431085029793,20
10000,glm_tweedie,gini_total_loss,max_claim,0.24680217671377,0.29417699467133596,20
10000,glm_tweedie,gini_total_loss,top1_share,0.27368421052631575,0.24296636906130648,20
10000,glm_tweedie,gini_total_loss,sample_loss_cost,0.09924812030075188,0.6771888443218217,20
10000,glm_tweedie,gini_total_loss,cap_q995,-0.1609022556390977,0.4979744144247943,20
10000,glm_tweedie,tweedie_deviance_1.5,n_above_q99,0.14857026461053643,0.5318862625818025,20
10000,glm_tweedie,tweedie_deviance_1.5,max_claim,-0.28141467710655477,0.22937562673566042,20
10000,glm_tweedie,tweedie_deviance_1.5,top1_share,-0.3157894736842105,0.1749941354156349,20
10000,glm_tweedie,tweedie_deviance_1.5,sample_loss_cost,-0.23759398496240602,0.3131305637442673,20
10000,glm_tweedie,tweedie_deviance_1.5,cap_q995,0.16240601503759397,0.49391254436303184,20
10000,glm_tweedie,calibration_ratio,n_above_q99,0.6524838425163765,0.0018194354979077316,20
10000,glm_tweedie,calibration_ratio,max_claim,0.8878858796410017,1.7578336531286716e-07,20
10000,glm_tweedie,calibration_ratio,top1_share,0.8330827067669173,5.123854828137089e-06,20
10000,glm_tweedie,calibration_ratio,sample_loss_cost,0.9909774436090225,3.642322201586895e-17,20
10000,glm_tweedie,calibration_ratio,cap_q995,0.7578947368421052,0.00010832096279243406,20
10000,glm_tweedie,gini_exposure_weighted,n_above_q99,-0.3407926172767459,0.14146075802537567,20
10000,glm_tweedie,gini_exposure_weighted,max_claim,0.08803614230338748,0.7120705040407772,20
10000,glm_tweedie,gini_exposure_weighted,top1_share,0.14736842105263157,0.5352473458918692,20
10000,glm_tweedie,gini_exposure_weighted,sample_loss_cost,-0.045112781954887216,0.8502061902084873,20
10000,glm_tweedie,gini_exposure_weighted,cap_q995,-0.34736842105263155,0.1334492290162471,20
10000,intercept,gini_total_loss,n_above_q99,,,20
10000,intercept,gini_total_loss,max_claim,,,20
10000,intercept,gini_total_loss,top1_share,,,20
10000,intercept,gini_total_loss,sample_loss_cost,,,20
10000,intercept,gini_total_loss,cap_q995,,,20
10000,intercept,tweedie_deviance_1.5,n_above_q99,-0.5766670579986285,0.007774830795673968,20
10000,intercept,tweedie_deviance_1.5,max_claim,-0.7486834324091498,0.0001460946326929669,20
10000,intercept,tweedie_deviance_1.5,top1_share,-0.7022556390977444,0.000556435286609183,20
10000,intercept,tweedie_deviance_1.5,sample_loss_cost,-0.8421052631578947,3.2174929874707044e-06,20
10000,intercept,tweedie_deviance_1.5,cap_q995,-0.5834586466165413,0.006922690881578287,20
10000,intercept,calibration_ratio,n_above_q99,0.6264457549042206,0.003123293444385073,20
10000,intercept,calibration_ratio,max_claim,0.911211695123096,2.3512343336765158e-08,20
10000,intercept,calibration_ratio,top1_share,0.8646616541353382,8.760838300464333e-07,20
10000,intercept,calibration_ratio,sample_loss_cost,1.0,0.0,20
10000,intercept,calibration_ratio,cap_q995,0.7398496240601502,0.00019241032720557428,20
10000,intercept,gini_exposure_weighted,n_above_q99,,,20
10000,intercept,gini_exposure_weighted,max_claim,,,20
10000,intercept,gini_exposure_weighted,top1_share,,,20
10000,intercept,gini_exposure_weighted,sample_loss_cost,,,20
10000,intercept,gini_exposure_weighted,cap_q995,,,20
10000,one_over_exposure,gini_total_loss,n_above_q99,-0.08894366727451923,0.7092254336532068,20
10000,one_over_exposure,gini_total_loss,max_claim,-0.08814956145335413,0.711714736320832,20
10000,one_over_exposure,gini_total_loss,top1_share,-0.07517450522916677,0.7527696681495252,20
10000,one_over_exposure,gini_total_loss,sample_loss_cost,-0.18451924010795479,0.43610678394884195,20
10000,one_over_exposure,gini_total_loss,cap_q995,-0.022780153099747506,0.9240542585176302,20
10000,one_over_exposure,tweedie_deviance_1.5,n_above_q99,-0.5766670579986285,0.007774830795673968,20
10000,one_over_exposure,tweedie_deviance_1.5,max_claim,-0.7486834324091498,0.0001460946326929669,20
10000,one_over_exposure,tweedie_deviance_1.5,top1_share,-0.7022556390977444,0.000556435286609183,20
10000,one_over_exposure,tweedie_deviance_1.5,sample_loss_cost,-0.8421052631578947,3.2174929874707044e-06,20
10000,one_over_exposure,tweedie_deviance_1.5,cap_q995,-0.5834586466165413,0.006922690881578287,20
10000,one_over_exposure,calibration_ratio,n_above_q99,0.6264457549042206,0.003123293444385073,20
10000,one_over_exposure,calibration_ratio,max_claim,0.911211695123096,2.3512343336765158e-08,20
10000,one_over_exposure,calibration_ratio,top1_share,0.8646616541353382,8.760838300464333e-07,20
10000,one_over_exposure,calibration_ratio,sample_loss_cost,1.0,0.0,20
10000,one_over_exposure,calibration_ratio,cap_q995,0.7398496240601502,0.00019241032720557428,20
10000,one_over_exposure,gini_exposure_weighted,n_above_q99,,,20
10000,one_over_exposure,gini_exposure_weighted,max_claim,,,20
10000,one_over_exposure,gini_exposure_weighted,top1_share,,,20
10000,one_over_exposure,gini_exposure_weighted,sample_loss_cost,,,20
10000,one_over_exposure,gini_exposure_weighted,cap_q995,,,20
10000,tabicl,gini_total_loss,n_above_q99,0.07734843673022773,0.7458429591475773,20
10000,tabicl,gini_total_loss,max_claim,0.12716331666044856,0.5931678646698181,20
10000,tabicl,gini_total_loss,top1_share,0.11879699248120301,0.6178918280262935,20
10000,tabicl,gini_total_loss,sample_loss_cost,0.02706766917293233,0.9098116651774512,20
10000,tabicl,gini_total_loss,cap_q995,-0.018045112781954885,0.9398091995407436,20
10000,tabicl,tweedie_deviance_1.5,n_above_q99,-0.5069768823307995,0.02252301205159926,20
10000,tabicl,tweedie_deviance_1.5,max_claim,-0.5334839734453137,0.015417183898334097,20
10000,tabicl,tweedie_deviance_1.5,top1_share,-0.4947368421052631,0.026578647405457147,20
10000,tabicl,tweedie_deviance_1.5,sample_loss_cost,-0.5639097744360902,0.00960697153757662,20
10000,tabicl,tweedie_deviance_1.5,cap_q995,-0.5323308270676691,0.015683125135695933,20
10000,tabicl,calibration_ratio,n_above_q99,0.7083891482718877,0.000473112412965757,20
10000,tabicl,calibration_ratio,max_claim,0.7614750086412659,9.6093101626727e-05,20
10000,tabicl,calibration_ratio,top1_share,0.6827067669172932,0.0009099086324726495,20
10000,tabicl,calibration_ratio,sample_loss_cost,0.9052631578947368,4.121873801744547e-08,20
10000,tabicl,calibration_ratio,cap_q995,0.813533834586466,1.2867962423531985e-05,20
10000,tabicl,gini_exposure_weighted,n_above_q99,-0.027569739824635627,0.9081454987443685,20
10000,tabicl,gini_exposure_weighted,max_claim,0.07750190305340948,0.7453546775346584,20
10000,tabicl,gini_exposure_weighted,top1_share,0.09624060150375939,0.6864870716570238,20
10000,tabicl,gini_exposure_weighted,sample_loss_cost,-0.012030075187969924,0.9598534442846784,20
10000,tabicl,gini_exposure_weighted,cap_q995,-0.0015037593984962405,0.9949797739432688,20
10000,xgb_hurdle,gini_total_loss,n_above_q99,0.11870304646718115,0.6181717798521247,20
10000,xgb_hurdle,gini_total_loss,max_claim,0.18434918687461477,0.4365372034768148,20
10000,xgb_hurdle,gini_total_loss,top1_share,0.16240601503759397,0.49391254436303184,20
10000,xgb_hurdle,gini_total_loss,sample_loss_cost,-0.0015037593984962405,0.9949797739432688,20
10000,xgb_hurdle,gini_total_loss,cap_q995,0.010526315789473682,0.9648685868194994,20
10000,xgb_hurdle,tweedie_deviance_1.5,n_above_q99,-0.44188166330040995,0.0510958749832629,20
10000,xgb_hurdle,tweedie_deviance_1.5,max_claim,-0.6124907678201487,0.0040940026689690835,20
10000,xgb_hurdle,tweedie_deviance_1.5,top1_share,-0.5548872180451127,0.011103504265934592,20
10000,xgb_hurdle,tweedie_deviance_1.5,sample_loss_cost,-0.5759398496240601,0.007870940177445083,20
10000,xgb_hurdle,tweedie_deviance_1.5,cap_q995,-0.3699248120300751,0.10840956155377549,20
10000,xgb_hurdle,calibration_ratio,n_above_q99,0.6417622770290181,0.002286224253820594,20
10000,xgb_hurdle,calibration_ratio,max_claim,0.5861551696952038,0.00660632943207142,20
10000,xgb_hurdle,calibration_ratio,top1_share,0.5007518796992482,0.024519268409476453,20
10000,xgb_hurdle,calibration_ratio,sample_loss_cost,0.8225563909774435,8.529183271703497e-06,20
10000,xgb_hurdle,calibration_ratio,cap_q995,0.6872180451127818,0.000814936942175972,20
10000,xgb_hurdle,gini_exposure_weighted,n_above_q99,-0.2810581809900354,0.2299912641948774,20
10000,xgb_hurdle,gini_exposure_weighted,max_claim,0.05944320719630436,0.80340672290501,20
10000,xgb_hurdle,gini_exposure_weighted,top1_share,0.11879699248120301,0.6178918280262935,20
10000,xgb_hurdle,gini_exposure_weighted,sample_loss_cost,-0.2300751879699248,0.3291382464700845,20
10000,xgb_hurdle,gini_exposure_weighted,cap_q995,-0.3488721804511278,0.13166317155695242,20
10000,xgb_tweedie,gini_total_loss,n_above_q99,0.12329800310462044,0.6045391546411301,20
10000,xgb_tweedie,gini_total_loss,max_claim,0.08728369664267474,0.7144321868497064,20
10000,xgb_tweedie,gini_total_loss,top1_share,0.07368421052631578,0.757528699864343,20
10000,xgb_tweedie,gini_total_loss,sample_loss_cost,-0.022556390977443608,0.9247982163788796,20
10000,xgb_tweedie,gini_total_loss,cap_q995,0.045112781954887216,0.8502061902084873,20
10000,xgb_tweedie,tweedie_deviance_1.5,n_above_q99,-0.3308368778956275,0.15422308779788096,20
10000,xgb_tweedie,tweedie_deviance_1.5,max_claim,-0.3792326129992075,0.09913762828817392,20
10000,xgb_tweedie,tweedie_deviance_1.5,top1_share,-0.33533834586466166,0.1483572986184929,20
10000,xgb_tweedie,tweedie_deviance_1.5,sample_loss_cost,-0.3443609022556391,0.13707258150434387,20
10000,xgb_tweedie,tweedie_deviance_1.5,cap_q995,-0.26165413533834586,0.26512410951035276,20
10000,xgb_tweedie,calibration_ratio,n_above_q99,0.4480082721503289,0.047594006942325566,20
10000,xgb_tweedie,calibration_ratio,max_claim,0.6252823440522649,0.003196104137948969,20
10000,xgb_tweedie,calibration_ratio,top1_share,0.5488721804511278,0.012202217962291389,20
10000,xgb_tweedie,calibration_ratio,sample_loss_cost,0.8285714285714285,6.401019922542657e-06,20
10000,xgb_tweedie,calibration_ratio,cap_q995,0.5067669172932331,0.022588172380591846,20
10000,xgb_tweedie,gini_exposure_weighted,n_above_q99,0.29790635532731274,0.20206274585045092,20
10000,xgb_tweedie,gini_exposure_weighted,max_claim,0.2370203831245047,0.31433497713869635,20
10000,xgb_tweedie,gini_exposure_weighted,top1_share,0.18646616541353384,0.4311949104342509,20
10000,xgb_tweedie,gini_exposure_weighted,sample_loss_cost,0.18796992481203004,0.42742125802266395,20
10000,xgb_tweedie,gini_exposure_weighted,cap_q995,0.16691729323308271,0.4818249184315467,20
20000,glm_hurdle,gini_total_loss,n_above_q99,-0.11519879708831504,0.6286500863330142,20
20000,glm_hurdle,gini_total_loss,max_claim,-0.14689291585191938,0.5365798417611709,20
20000,glm_hurdle,gini_total_loss,top1_share,-0.1969924812030075,0.40515233009814555,20
20000,glm_hurdle,gini_total_loss,sample_loss_cost,-0.11127819548872178,0.6404548402871416,20
20000,glm_hurdle,gini_total_loss,cap_q995,-0.08421052631578946,0.7241036435108112,20
20000,glm_hurdle,tweedie_deviance_1.5,n_above_q99,-0.2349449151143267,0.31871612707625746,20
20000,glm_hurdle,tweedie_deviance_1.5,max_claim,-0.08738245250678282,0.7141220811737993,20
20000,glm_hurdle,tweedie_deviance_1.5,top1_share,-0.051127819548872175,0.8304946161837171,20
20000,glm_hurdle,tweedie_deviance_1.5,sample_loss_cost,-0.18646616541353384,0.4311949104342509,20
20000,glm_hurdle,tweedie_deviance_1.5,cap_q995,-0.28120300751879695,0.22974103217104475,20
20000,glm_hurdle,calibration_ratio,n_above_q99,0.9322007922278125,2.2440746174264533e-09,20
20000,glm_hurdle,calibration_ratio,max_claim,0.6056507915125292,0.004653946701869736,20
20000,glm_hurdle,calibration_ratio,top1_share,0.4496240601503759,0.046701909388062866,20
20000,glm_hurdle,calibration_ratio,sample_loss_cost,0.825563909774436,7.398824271092125e-06,20
20000,glm_hurdle,calibration_ratio,cap_q995,0.9112781954887217,2.336013177330961e-08,20
20000,glm_hurdle,gini_exposure_weighted,n_above_q99,-0.3986484688714059,0.08167806895257038,20
20000,glm_hurdle,gini_exposure_weighted,max_claim,-0.3276841969004356,0.15842591559570315,20
20000,glm_hurdle,gini_exposure_weighted,top1_share,-0.30526315789473685,0.19060938739632302,20
20000,glm_hurdle,gini_exposure_weighted,sample_loss_cost,-0.3804511278195489,0.09796803970591272,20
20000,glm_hurdle,gini_exposure_weighted,cap_q995,-0.3714285714285714,0.10687070696592821,20
20000,glm_tweedie,gini_total_loss,n_above_q99,-0.10458838156702285,0.6607895597942262,20
20000,glm_tweedie,gini_total_loss,max_claim,0.17099841999172155,0.47101804865733554,20
20000,glm_tweedie,gini_total_loss,top1_share,0.14436090225563908,0.5437007991990149,20
20000,glm_tweedie,gini_total_loss,sample_loss_cost,0.1819548872180451,0.44262106677574986,20
20000,glm_tweedie,gini_total_loss,cap_q995,0.04962406015037594,0.8354138453754827,20
20000,glm_tweedie,tweedie_deviance_1.5,n_above_q99,0.04547320937696646,0.8490225205385239,20
20000,glm_tweedie,tweedie_deviance_1.5,max_claim,-0.10169509558979034,0.6696565832673751,20
20000,glm_tweedie,tweedie_deviance_1.5,top1_share,-0.10225563909774435,0.66793535735332,20
20000,glm_tweedie,tweedie_deviance_1.5,sample_loss_cost,-0.11428571428571428,0.6313917305184382,20
20000,glm_tweedie,tweedie_deviance_1.5,cap_q995,-0.08120300751879699,0.733607630478017,20
20000,glm_tweedie,calibration_ratio,n_above_q99,0.7381817655527555,0.00020243517997590687,20
20000,glm_tweedie,calibration_ratio,max_claim,0.8866305741420982,1.9339239340502494e-07,20
20000,glm_tweedie,calibration_ratio,top1_share,0.7278195488721804,0.0002752962640906018,20
20000,glm_tweedie,calibration_ratio,sample_loss_cost,0.9879699248120299,4.798484273727152e-16,20
20000,glm_tweedie,calibration_ratio,cap_q995,0.8330827067669173,5.123854828137089e-06,20
20000,glm_tweedie,gini_exposure_weighted,n_above_q99,-0.3289228811600574,0.15676529041316237,20
20000,glm_tweedie,gini_exposure_weighted,max_claim,-0.15216599488250113,0.5218891831479746,20
20000,glm_tweedie,gini_exposure_weighted,top1_share,-0.11879699248120301,0.6178918280262935,20
20000,glm_tweedie,gini_exposure_weighted,sample_loss_cost,-0.19548872180451127,0.408819089520232,20
20000,glm_tweedie,gini_exposure_weighted,cap_q995,-0.23308270676691725,0.32267802500462267,20
20000,intercept,gini_total_loss,n_above_q99,,,20
20000,intercept,gini_total_loss,max_claim,,,20
20000,intercept,gini_total_loss,top1_share,,,20
20000,intercept,gini_total_loss,sample_loss_cost,,,20
20000,intercept,gini_total_loss,cap_q995,,,20
20000,intercept,tweedie_deviance_1.5,n_above_q99,-0.7487921810740477,0.00014559021957923798,20
20000,intercept,tweedie_deviance_1.5,max_claim,-0.8836173861246229,2.421150014415167e-07,20
20000,intercept,tweedie_deviance_1.5,top1_share,-0.7172932330827068,0.00037114093366673155,20
20000,intercept,tweedie_deviance_1.5,sample_loss_cost,-0.9894736842105262,1.450570213696413e-16,20
20000,intercept,tweedie_deviance_1.5,cap_q995,-0.8270676691729323,6.884217225021654e-06,20
20000,intercept,calibration_ratio,n_above_q99,0.6987716507593846,0.0006090815680084267,20
20000,intercept,calibration_ratio,max_claim,0.9001899202207368,6.467373245926702e-08,20
20000,intercept,calibration_ratio,top1_share,0.7503759398496239,0.00013841163311276026,20
20000,intercept,calibration_ratio,sample_loss_cost,1.0,0.0,20
20000,intercept,calibration_ratio,cap_q995,0.801503759398496,2.154990269369141e-05,20
20000,intercept,gini_exposure_weighted,n_above_q99,,,20
20000,intercept,gini_exposure_weighted,max_claim,,,20
20000,intercept,gini_exposure_weighted,top1_share,,,20
20000,intercept,gini_exposure_weighted,sample_loss_cost,,,20
20000,intercept,gini_exposure_weighted,cap_q995,,,20
20000,one_over_exposure,gini_total_loss,n_above_q99,-0.29573009693039326,0.20553676507268132,20
20000,one_over_exposure,gini_total_loss,max_claim,-0.342543242328192,0.13929573790185193,20
20000,one_over_exposure,gini_total_loss,top1_share,-0.4319937006885585,0.057158910537037685,20
20000,one_over_exposure,gini_total_loss,sample_loss_cost,-0.3434388422586402,0.13819719487693727,20
20000,one_over_exposure,gini_total_loss,cap_q995,-0.23563292764830468,0.317259758533542,20
20000,one_over_exposure,tweedie_deviance_1.5,n_above_q99,-0.7336344446150589,0.00023206714529684636,20
20000,one_over_exposure,tweedie_deviance_1.5,max_claim,-0.8851239801333605,2.1655465713586082e-07,20
20000,one_over_exposure,tweedie_deviance_1.5,top1_share,-0.7203007518796991,0.0003412328956726316,20
20000,one_over_exposure,tweedie_deviance_1.5,sample_loss_cost,-0.993984962406015,9.577981441687848e-19,20
20000,one_over_exposure,tweedie_deviance_1.5,cap_q995,-0.8225563909774435,8.529183271703497e-06,20
20000,one_over_exposure,calibration_ratio,n_above_q99,0.6987716507593846,0.0006090815680084267,20
20000,one_over_exposure,calibration_ratio,max_claim,0.9001899202207368,6.467373245926702e-08,20
20000,one_over_exposure,calibration_ratio,top1_share,0.7503759398496239,0.00013841163311276026,20
20000,one_over_exposure,calibration_ratio,sample_loss_cost,1.0,0.0,20
20000,one_over_exposure,calibration_ratio,cap_q995,0.801503759398496,2.154990269369141e-05,20
20000,one_over_exposure,gini_exposure_weighted,n_above_q99,,,20
20000,one_over_exposure,gini_exposure_weighted,max_claim,,,20
20000,one_over_exposure,gini_exposure_weighted,top1_share,,,20
20000,one_over_exposure,gini_exposure_weighted,sample_loss_cost,,,20
20000,one_over_exposure,gini_exposure_weighted,cap_q995,,,20
20000,tabicl,gini_total_loss,n_above_q99,-0.19477691349800635,0.4105610313829183,20
20000,tabicl,gini_total_loss,max_claim,-0.16723193496987748,0.48098738602443425,20
20000,tabicl,gini_total_loss,top1_share,-0.18496240601503755,0.43498614362285254,20
20000,tabicl,gini_total_loss,sample_loss_cost,-0.17593984962406017,0.4580986587024854,20
20000,tabicl,gini_total_loss,cap_q995,-0.26917293233082706,0.25113145369079015,20
20000,tabicl,tweedie_deviance_1.5,n_above_q99,-0.6123725529431484,0.004103182963091784,20
20000,tabicl,tweedie_deviance_1.5,max_claim,-0.4323924805077012,0.05690428684414498,20
20000,tabicl,tweedie_deviance_1.5,top1_share,-0.28421052631578947,0.2245845982112046,20
20000,tabicl,tweedie_deviance_1.5,sample_loss_cost,-0.556390977443609,0.010841753245056889,20
20000,tabicl,tweedie_deviance_1.5,cap_q995,-0.5699248120300752,0.008703721225416197,20
20000,tabicl,calibration_ratio,n_above_q99,0.9041589797786831,4.556063984423478e-08,20
20000,tabicl,calibration_ratio,max_claim,0.6335227806741756,0.0027094609879769796,20
20000,tabicl,calibration_ratio,top1_share,0.4661654135338345,0.03829049887630505,20
20000,tabicl,calibration_ratio,sample_loss_cost,0.8285714285714285,6.401019922542657e-06,20
20000,tabicl,calibration_ratio,cap_q995,0.8917293233082706,1.3029570145042408e-07,20
20000,tabicl,gini_exposure_weighted,n_above_q99,-0.23721857558317502,0.3139185106808294,20
20000,tabicl,gini_exposure_weighted,max_claim,-0.37740179918877753,0.10091401467500838,20
20000,tabicl,gini_exposure_weighted,top1_share,-0.26917293233082706,0.25113145369079015,20
20000,tabicl,gini_exposure_weighted,sample_loss_cost,-0.37744360902255636,0.10087319118710482,20
20000,tabicl,gini_exposure_weighted,cap_q995,-0.33233082706766914,0.15225878917036062,20
20000,xgb_hurdle,gini_total_loss,n_above_q99,0.019705057396685464,0.9342833085155879,20
20000,xgb_hurdle,gini_total_loss,max_claim,-0.08813574951115166,0.7117580578895396,20
20000,xgb_hurdle,gini_total_loss,top1_share,-0.10075187969924812,0.6725564354857819,20
20000,xgb_hurdle,gini_total_loss,sample_loss_cost,0.03308270676691729,0.8898759648856192,20
20000,xgb_hurdle,gini_total_loss,cap_q995,0.08872180451127819,0.7099206278927328,20
20000,xgb_hurdle,tweedie_deviance_1.5,n_above_q99,-0.6654246305496093,0.001364950921792564,20
20000,xgb_hurdle,tweedie_deviance_1.5,max_claim,-0.259887466507242,0.26848167695856057,20
20000,xgb_hurdle,tweedie_deviance_1.5,top1_share,-0.1789473684210526,0.45032544160933985,20
20000,xgb_hurdle,tweedie_deviance_1.5,sample_loss_cost,-0.5157894736842105,0.019919763459703674,20
20000,xgb_hurdle,tweedie_deviance_1.5,cap_q995,-0.6736842105263157,0.0011280967372370519,20
20000,xgb_hurdle,calibration_ratio,n_above_q99,0.9306850185819135,2.7228278854873585e-09,20
20000,xgb_hurdle,calibration_ratio,max_claim,0.5461403281673927,0.012729423675200911,20
20000,xgb_hurdle,calibration_ratio,top1_share,0.3699248120300751,0.10840956155377549,20
20000,xgb_hurdle,calibration_ratio,sample_loss_cost,0.7744360902255639,6.119579516446203e-05,20
20000,xgb_hurdle,calibration_ratio,cap_q995,0.8661654135338346,7.968256140440846e-07,20
20000,xgb_hurdle,gini_exposure_weighted,n_above_q99,0.036378567501573165,0.8789786390353727,20
20000,xgb_hurdle,gini_exposure_weighted,max_claim,-0.173258311004828,0.46508688935581444,20
20000,xgb_hurdle,gini_exposure_weighted,top1_share,-0.11578947368421053,0.6268789936728246,20
20000,xgb_hurdle,gini_exposure_weighted,sample_loss_cost,-0.030075187969924807,0.8998365956859304,20
20000,xgb_hurdle,gini_exposure_weighted,cap_q995,0.17744360902255638,0.4542034838793192,20
20000,xgb_tweedie,gini_total_loss,n_above_q99,-0.23949223605202338,0.3091645646559839,20
20000,xgb_tweedie,gini_total_loss,max_claim,0.14161983682133766,0.5514577592779579,20
20000,xgb_tweedie,gini_total_loss,top1_share,0.1609022556390977,0.4979744144247943,20
20000,xgb_tweedie,gini_total_loss,sample_loss_cost,-0.03609022556390977,0.8799311955207729,20
20000,xgb_tweedie,gini_total_loss,cap_q995,-0.20150375939849624,0.39426050476127356,20
20000,xgb_tweedie,tweedie_deviance_1.5,n_above_q99,-0.3751539773599733,0.10312654808389919,20
20000,xgb_tweedie,tweedie_deviance_1.5,max_claim,-0.784182181547939,4.2741023741165415e-05,20
20000,xgb_tweedie,tweedie_deviance_1.5,top1_share,-0.7458646616541353,0.00015970222414751246,20
20000,xgb_tweedie,tweedie_deviance_1.5,sample_loss_cost,-0.7097744360902255,0.0004558392343877837,20
20000,xgb_tweedie,tweedie_deviance_1.5,cap_q995,-0.4526315789473684,0.045075688783048344,20
20000,xgb_tweedie,calibration_ratio,n_above_q99,0.707866292634778,0.000479774908560167,20
20000,xgb_tweedie,calibration_ratio,max_claim,0.8730712280634595,5.07812616116257e-07,20
20000,xgb_tweedie,calibration_ratio,top1_share,0.7218045112781954,0.0003270659389347301,20
20000,xgb_tweedie,calibration_ratio,sample_loss_cost,0.9428571428571428,5.009327938313909e-10,20
20000,xgb_tweedie,calibration_ratio,cap_q995,0.7699248120300751,7.183540419814863e-05,20
20000,xgb_tweedie,gini_exposure_weighted,n_above_q99,0.12429343896370833,0.6016021641374144,20
20000,xgb_tweedie,gini_exposure_weighted,max_claim,0.35630948306645066,0.12307811169281842,20
20000,xgb_tweedie,gini_exposure_weighted,top1_share,0.40751879699248117,0.0745082158554702,20
20000,xgb_tweedie,gini_exposure_weighted,sample_loss_cost,0.30075187969924805,0.19757966317255532,20
20000,xgb_tweedie,gini_exposure_weighted,cap_q995,0.15488721804511277,0.5143826800752828,20
