cfg_n,cfg_model,cfg_seed,calibration_ratio,gini_exposure_weighted,gini_total_loss,tweedie_deviance_1.5,n_claims,n_above_q99,max_claim,top1_share,sample_loss_cost,cap_q995
5000,glm_hurdle,0,0.6101704558424305,0.3341398573675578,0.036544242924394954,100.1930196585566,194,4,50000.0,0.133980390737196,141.27655610771373,35411.35194999995
5000,glm_hurdle,1,0.5790864613407446,0.37893092820796914,0.20428146892357268,100.20220936792445,181,3,28650.0,0.08577879496092546,126.27238644084885,25364.999999999978
5000,glm_hurdle,2,0.7038057265146519,0.4509071027600804,0.3213374174513567,94.07083964710402,178,3,35831.0,0.09569940786876104,141.2064176735367,22886.105000000134
5000,glm_hurdle,3,0.45987542819325306,0.38912416220174006,0.11173460126504553,103.4368680044572,188,0,17420.91,0.0643039722534364,102.35291891070068,9400.79789999998
5000,glm_hurdle,4,0.45560464715261695,0.5234525551165135,0.43336328053671713,93.06431039810491,173,1,36204.0,0.12993468452867812,105.30003190912291,16448.939999999686
5000,glm_hurdle,5,0.5051913835438221,0.3570241303029664,0.08270926628133246,103.84749380815539,156,2,35831.0,0.12001834759009682,112.76188462156723,23400.007749999906
5000,glm_hurdle,6,0.4834201366494482,0.5095801072770902,0.37972166653783723,93.98678692718153,186,1,41614.72,0.13976784510521922,112.64953697183144,12354.86099999964
5000,glm_hurdle,7,0.4923623775580728,0.513394976496196,0.3391620398730121,94.57672038378297,187,1,125847.05,0.3261893639350105,145.86756788388428,18223.330099999213
5000,glm_hurdle,8,0.6692684937396702,0.4702752394252283,0.41256376050503507,92.67288961427359,163,1,182500.0,0.4486426470358672,153.73871263937673,44343.52449999961
5000,glm_hurdle,9,0.8082499165592419,0.4777978210388102,0.3480683108085316,91.23008231328606,204,3,109743.72,0.20521412837356043,201.78644246447698,50420.492849999544
5000,glm_hurdle,10,0.6455585557243283,0.48394894238973385,0.25290823021489084,93.04926719814306,189,3,70000.0,0.1699617639447679,155.74227724112393,36595.37040000009
5000,glm_hurdle,11,0.6459920070348244,0.5128421976630165,0.4047989780288406,89.10252350201927,191,3,40199.19,0.10470311380832693,145.19618972190884,37679.79000000003
5000,glm_hurdle,12,0.5015460083120676,0.4458605866936498,0.2889985716886265,97.57423506179846,172,1,22600.0,0.0766659979311036,111.4211061023311,15301.720000000087
5000,glm_hurdle,13,0.4956867770249105,0.44538808489206383,0.15810829731736675,98.81471617654915,200,1,18753.6,0.06361666737960192,111.3440175280645,8753.083849999954
5000,glm_hurdle,14,0.593622746064482,0.12283886382191045,-0.0049368932901776574,107.93276305602525,199,2,399213.66000000003,0.5589311160992233,269.8641819441804,24710.29229999656
5000,glm_hurdle,15,0.6313270443102973,0.3484129211059117,0.13726405343546322,105.53708651950731,191,3,86719.2,0.20998055095317567,156.20360141691475,38729.76000000058
5000,glm_hurdle,16,0.4800318021069779,0.30035475670742906,0.07688233923277088,107.48094452144063,201,1,96422.32,0.2686348997706963,135.39643951780408,8180.49
5000,glm_hurdle,17,0.4900481113396908,0.48202677124928417,0.26029429648312985,97.44520519993645,180,1,52954.670000000006,0.16679787782513997,120.32215184274598,20353.695349999627
5000,glm_hurdle,18,0.6111981246668132,0.41000111674877604,0.10855007267504102,96.51753246601638,189,3,35326.79,0.09870481535786428,135.41716802845133,21791.39160000003
5000,glm_hurdle,19,0.5460613156575976,0.3962888477611193,0.17134759104080077,102.31997678514588,202,2,86719.2,0.22896655341272354,142.80307453014754,19792.05985000004
5000,glm_tweedie,0,0.6754671077949057,-0.008690509378828315,-0.020197359214723765,112.61858906898134,194,4,50000.0,0.133980390737196,141.27655610771373,35411.35194999995
5000,glm_tweedie,1,0.5833553106691389,0.2832598434203579,0.15224284932833,105.26218062057984,181,3,28650.0,0.08577879496092546,126.27238644084885,25364.999999999978
5000,glm_tweedie,2,0.6653430401434182,0.3933639656418255,0.22616295614414228,97.90908366586271,178,3,35831.0,0.09569940786876104,141.2064176735367,22886.105000000134
5000,glm_tweedie,3,0.48202283061159634,0.22159695086742426,0.06582144853315586,110.45611259174707,188,0,17420.91,0.0643039722534364,102.35291891070068,9400.79789999998
5000,glm_tweedie,4,0.47684627720647643,0.4308236220593098,0.2922917902098534,99.25085729852152,173,1,36204.0,0.12993468452867812,105.30003190912291,16448.939999999686
5000,glm_tweedie,5,0.5198149666602436,0.2070175673582726,0.06583914999188667,110.08125565159901,156,2,35831.0,0.12001834759009682,112.76188462156723,23400.007749999906
5000,glm_tweedie,6,0.5290882111576535,0.42079484281567725,0.2939863823369733,99.20460059581397,186,1,41614.72,0.13976784510521922,112.64953697183144,12354.86099999964
5000,glm_tweedie,7,0.6473202801498774,0.3987174531674037,0.34655926193899866,98.25395903128516,187,1,125847.05,0.3261893639350105,145.86756788388428,18223.330099999213
5000,glm_tweedie,8,0.7141239156849979,0.42847709851757965,0.39919998402877677,97.72740888954011,163,1,182500.0,0.4486426470358672,153.73871263937673,44343.52449999961
5000,glm_tweedie,9,0.8912253599122333,0.3820093676158456,0.2617304455679784,97.36177718128809,204,3,109743.72,0.20521412837356043,201.78644246447698,50420.492849999544
5000,glm_tweedie,10,0.7049552162041406,0.3857448394201054,0.19245548094522713,97.08342973732947,189,3,70000.0,0.1699617639447679,155.74227724112393,36595.37040000009
5000,glm_tweedie,11,0.6549700989553074,0.43927781992732773,0.2754154462379136,93.68641856648597,191,3,40199.19,0.10470311380832693,145.19618972190884,37679.79000000003
5000,glm_tweedie,12,0.521549704586189,0.3499748795493387,0.17169167335074276,103.5489714240396,172,1,22600.0,0.0766659979311036,111.4211061023311,15301.720000000087
5000,glm_tweedie,13,0.5238616723211329,0.33677690668779314,0.10952036865619053,104.6727826950204,200,1,18753.6,0.06361666737960192,111.3440175280645,8753.083849999954
5000,glm_tweedie,14,1.01193548368568,-0.042754266750230974,-0.012344285062434235,124.38302312627224,199,2,399213.66000000003,0.5589311160992233,269.8641819441804,24710.29229999656
5000,glm_tweedie,15,0.6953016517597533,0.3467956171287747,0.17146804456274412,105.06892569436484,191,3,86719.2,0.20998055095317567,156.20360141691475,38729.76000000058
5000,glm_tweedie,16,0.6052448276702588,0.18271372292961108,0.07934387223868311,113.03085548747957,201,1,96422.32,0.2686348997706963,135.39643951780408,8180.49
5000,glm_tweedie,17,0.545641636250708,0.361209142475329,0.15813061523592042,105.14513970370965,180,1,52954.670000000006,0.16679787782513997,120.32215184274598,20353.695349999627
5000,glm_tweedie,18,0.6401552772007767,0.29101734807084556,0.09923925039501891,100.65105799882986,189,3,35326.79,0.09870481535786428,135.41716802845133,21791.39160000003
5000,glm_tweedie,19,0.6570892234087612,0.2710500192609505,0.15482407399282105,109.44688356550903,202,2,86719.2,0.22896655341272354,142.80307453014754,19792.05985000004
5000,intercept,0,0.6541685909097983,-2.1005419625907962e-13,-0.011359594713832077,103.83942584275538,194,4,50000.0,0.133980390737196,141.27655610771373,35411.35194999995
5000,intercept,1,0.5846931110484329,-2.1005419625907962e-13,-0.011359594713832077,105.44068648012568,181,3,28650.0,0.08577879496092546,126.27238644084885,25364.999999999978
5000,intercept,2,0.653843821097182,-2.1005419625907962e-13,-0.011359594713832077,103.84567025264663,178,3,35831.0,0.09569940786876104,141.2064176735367,22886.105000000134
5000,intercept,3,0.4739361333827284,-2.1005419625907962e-13,-0.011359594713832077,109.47165967491365,188,0,17420.91,0.0643039722534364,102.35291891070068,9400.79789999998
5000,intercept,4,0.4875824793196998,-2.1005419625907962e-13,-0.011359594713832077,108.84676197424109,173,1,36204.0,0.12993468452867812,105.30003190912291,16448.939999999686
5000,intercept,5,0.5221339279744539,-2.1005419625907962e-13,-0.011359594713832077,107.44317545976986,156,2,35831.0,0.12001834759009682,112.76188462156723,23400.007749999906
5000,intercept,6,0.5216137121244606,-2.1005419625907962e-13,-0.011359594713832077,107.46256636866038,186,1,41614.72,0.13976784510521922,112.64953697183144,12354.86099999964
5000,intercept,7,0.675426864661729,-2.1005419625907962e-13,-0.011359594713832077,103.45288059217506,187,1,125847.05,0.3261893639350105,145.86756788388428,18223.330099999213
5000,intercept,8,0.7118735039018711,-2.1005419625907962e-13,-0.011359594713832077,102.88414391377947,163,1,182500.0,0.4486426470358672,153.73871263937673,44343.52449999961
5000,intercept,9,0.9343542649145924,-2.1005419625907962e-13,-0.011359594713832077,101.25044013513516,204,3,109743.72,0.20521412837356043,201.78644246447698,50420.492849999544
5000,intercept,10,0.7211508324865404,-2.1005419625907962e-13,-0.011359594713832077,102.75668312956476,189,3,70000.0,0.1699617639447679,155.74227724112393,36595.37040000009
5000,intercept,11,0.6723181074957331,-2.1005419625907962e-13,-0.011359594713832077,103.50674869556735,191,3,40199.19,0.10470311380832693,145.19618972190884,37679.79000000003
5000,intercept,12,0.5159255716921695,-2.1005419625907962e-13,-0.011359594713832077,107.67789257642127,172,1,22600.0,0.0766659979311036,111.4211061023311,15301.720000000087
5000,intercept,13,0.5155686198709148,-2.1005419625907962e-13,-0.011359594713832077,107.69160919022512,200,1,18753.6,0.06361666737960192,111.3440175280645,8753.083849999954
5000,intercept,14,1.2495822130945267,-2.1005419625907962e-13,-0.011359594713832077,101.91298881234171,199,2,399213.66000000003,0.5589311160992233,269.8641819441804,24710.29229999656
5000,intercept,15,0.7232869532580547,-2.1005419625907962e-13,-0.011359594713832077,102.72826815513272,191,3,86719.2,0.20998055095317567,156.20360141691475,38729.76000000058
5000,intercept,16,0.6269412313960673,-2.1005419625907962e-13,-0.011359594713832077,104.4008888374304,201,1,96422.32,0.2686348997706963,135.39643951780408,8180.49
5000,intercept,17,0.5571410763027959,-2.1005419625907962e-13,-0.011359594713832077,106.24677330316987,180,1,52954.670000000006,0.16679787782513997,120.32215184274598,20353.695349999627
5000,intercept,18,0.6270372129302677,-2.1005419625907962e-13,-0.011359594713832077,104.3987693094213,189,3,35326.79,0.09870481535786428,135.41716802845133,21791.39160000003
5000,intercept,19,0.6612369993769472,-2.1005419625907962e-13,-0.011359594713832077,103.70609809381737,202,2,86719.2,0.22896655341272354,142.80307453014754,19792.05985000004
5000,one_over_exposure,0,0.6557700614971377,0.4676069945192445,-7.993605777301127e-15,94.51700942184695,194,4,50000.0,0.133980390737196,141.27655610771373,35411.35194999995
5000,one_over_exposure,1,0.5869045908355689,0.4676069945192445,-7.549516567451064e-15,95.99490438226184,181,3,28650.0,0.08577879496092546,126.27238644084885,25364.999999999978
5000,one_over_exposure,2,0.6579191075742007,0.4676069945192445,-8.215650382226158e-15,94.4786288236351,178,3,35831.0,0.09569940786876104,141.2064176735367,22886.105000000134
5000,one_over_exposure,3,0.476053603444937,0.4676069945192445,-7.105427357601002e-15,99.72986172718683,188,0,17420.91,0.0643039722534364,102.35291891070068,9400.79789999998
5000,one_over_exposure,4,0.4896145113681262,0.4676069945192445,-8.43769498715119e-15,99.15579409977717,173,1,36204.0,0.12993468452867812,105.30003190912291,16448.939999999686
5000,one_over_exposure,5,0.5246070312135341,0.4676069945192445,-7.549516567451064e-15,97.84152239341147,156,2,35831.0,0.12001834759009682,112.76188462156723,23400.007749999906
5000,one_over_exposure,6,0.5231937275321293,0.4676069945192445,-6.217248937900877e-15,97.89031777201919,186,1,41614.72,0.13976784510521922,112.64953697183144,12354.86099999964
5000,one_over_exposure,7,0.6779475021807929,0.4676069945192445,-7.105427357601002e-15,94.14065536954706,187,1,125847.05,0.3261893639350105,145.86756788388428,18223.330099999213
5000,one_over_exposure,8,0.714800974084233,0.4676069945192445,-7.771561172376096e-15,93.60466690080607,163,1,182500.0,0.4486426470358672,153.73871263937673,44343.52449999961
5000,one_over_exposure,9,0.9397130138485135,0.4676069945192445,-4.884981308350689e-15,92.05655027365805,204,3,109743.72,0.20521412837356043,201.78644246447698,50420.492849999544
5000,one_over_exposure,10,0.7237184284717747,0.4676069945192445,-9.103828801926284e-15,93.49027755011642,189,3,70000.0,0.1699617639447679,155.74227724112393,36595.37040000009
5000,one_over_exposure,11,0.674653108853932,0.4676069945192445,-7.771561172376096e-15,94.1938632793003,191,3,40199.19,0.10470311380832693,145.19618972190884,37679.79000000003
5000,one_over_exposure,12,0.5179984584137055,0.4676069945192445,-1.9984014443252818e-15,98.07263606938801,172,1,22600.0,0.0766659979311036,111.4211061023311,15301.720000000087
5000,one_over_exposure,13,0.5180081054778375,0.4676069945192445,-3.3306690738754696e-15,98.07229317926935,200,1,18753.6,0.06361666737960192,111.3440175280645,8753.083849999954
5000,one_over_exposure,14,1.2550757160518011,0.4676069945192445,-7.549516567451064e-15,92.63058315108249,199,2,399213.66000000003,0.5589311160992233,269.8641819441804,24710.29229999656
5000,one_over_exposure,15,0.7257031581614054,0.4676069945192445,-8.215650382226158e-15,93.46557957746815,191,3,86719.2,0.20998055095317567,156.20360141691475,38729.76000000058
5000,one_over_exposure,16,0.6307219778537413,0.4676069945192445,-7.549516567451064e-15,94.99668795190186,201,1,96422.32,0.2686348997706963,135.39643951780408,8180.49
5000,one_over_exposure,17,0.5578745716461831,0.4676069945192445,-5.995204332975845e-15,96.78555886385972,180,1,52954.670000000006,0.16679787782513997,120.32215184274598,20353.695349999627
5000,one_over_exposure,18,0.6289102275799903,0.4676069945192445,-7.549516567451064e-15,95.03379158315724,189,3,35326.79,0.09870481535786428,135.41716802845133,21791.39160000003
5000,one_over_exposure,19,0.6655275484909479,0.4676069945192445,-7.549516567451064e-15,94.3461000573707,202,2,86719.2,0.22896655341272354,142.80307453014754,19792.05985000004
5000,tabicl,0,0.5053199102586876,0.45728051245140877,0.263706252503909,96.32085969062155,194,4,50000.0,0.133980390737196,141.27655610771373,35411.35194999995
5000,tabicl,1,0.4243778913572346,0.47913774663062514,0.24043671676596312,98.69025752309959,181,3,28650.0,0.08577879496092546,126.27238644084885,25364.999999999978
5000,tabicl,2,0.45325711414077363,0.49605271626868563,0.3328695244254507,100.27561145838219,178,3,35831.0,0.09569940786876104,141.2064176735367,22886.105000000134
5000,tabicl,3,0.3673083564240186,0.44404531708088246,0.21875604074440824,105.50649854412849,188,0,17420.91,0.0643039722534364,102.35291891070068,9400.79789999998
5000,tabicl,4,0.3526192882090289,0.5597018802001845,0.4970725167924792,95.44916022971184,173,1,36204.0,0.12993468452867812,105.30003190912291,16448.939999999686
5000,tabicl,5,0.3839301781409442,0.4662215807070107,0.2838720126693026,102.10609807966918,156,2,35831.0,0.12001834759009682,112.76188462156723,23400.007749999906
5000,tabicl,6,0.3487107641608861,0.5541278853983935,0.38207527356392,100.14214275131631,186,1,41614.72,0.13976784510521922,112.64953697183144,12354.86099999964
5000,tabicl,7,0.39729373780518135,0.5816277305894404,0.4874691030951783,90.51599513599547,187,1,125847.05,0.3261893639350105,145.86756788388428,18223.330099999213
5000,tabicl,8,0.3658696490238707,0.5099380665830713,0.30811518424073425,101.25353449973822,163,1,182500.0,0.4486426470358672,153.73871263937673,44343.52449999961
5000,tabicl,9,0.639923527067749,0.5308378858100984,0.48368147405667683,86.99857328070826,204,3,109743.72,0.20521412837356043,201.78644246447698,50420.492849999544
5000,tabicl,10,0.498552921976036,0.5325274029606606,0.35739883000384676,93.78513702021088,189,3,70000.0,0.1699617639447679,155.74227724112393,36595.37040000009
5000,tabicl,11,0.5126303580045959,0.5075710638808262,0.32850808936186304,94.03382593714416,191,3,40199.19,0.10470311380832693,145.19618972190884,37679.79000000003
5000,tabicl,12,0.3893375631188745,0.5191241262288611,0.45895216824292084,94.0442881295065,172,1,22600.0,0.0766659979311036,111.4211061023311,15301.720000000087
5000,tabicl,13,0.3832350908405115,0.5056884984595439,0.4107502111324971,97.35894825690548,200,1,18753.6,0.06361666737960192,111.3440175280645,8753.083849999954
5000,tabicl,14,0.43311865639941205,0.3545457695599935,0.12046091408631598,107.44984581155263,199,2,399213.66000000003,0.5589311160992233,269.8641819441804,24710.29229999656
5000,tabicl,15,0.4545058312813294,0.46317480632774866,0.2626254204703006,102.67097696721397,191,3,86719.2,0.20998055095317567,156.20360141691475,38729.76000000058
5000,tabicl,16,0.35315735709904,0.25328788669105706,0.07754957293786724,115.2019051968222,201,1,96422.32,0.2686348997706963,135.39643951780408,8180.49
5000,tabicl,17,0.3696285924717316,0.5307194618973663,0.38998928702045343,98.02467062177563,180,1,52954.670000000006,0.16679787782513997,120.32215184274598,20353.695349999627
5000,tabicl,18,0.43615894491046076,0.523784386368574,0.32653051907101016,96.03243664654205,189,3,35326.79,0.09870481535786428,135.41716802845133,21791.39160000003
5000,tabicl,19,0.4326248577856406,0.5247667670931232,0.3980393053958847,96.98672794336979,202,2,86719.2,0.22896655341272354,142.80307453014754,19792.05985000004
5000,xgb_hurdle,0,0.6195519984408221,0.4676069945192445,-7.549516567451064e-15,95.23089366095451,194,4,50000.0,0.133980390737196,141.27655610771373,35411.35194999995
5000,xgb_hurdle,1,0.5762878649632652,0.4676069945192445,-7.549516567451064e-15,96.27107536047258,181,3,28650.0,0.08577879496092546,126.27238644084885,25364.999999999978
5000,xgb_hurdle,2,0.6384885028832914,0.4676069945192445,-7.549516567451064e-15,94.8414068785743,178,3,35831.0,0.09569940786876104,141.2064176735367,22886.105000000134
5000,xgb_hurdle,3,0.46057954794382805,0.4676069945192445,-3.774758283725532e-15,100.43457064092733,188,0,17420.91,0.0643039722534364,102.35291891070068,9400.79789999998
5000,xgb_hurdle,4,0.4525670320861809,0.4676069945192445,-9.769962616701378e-15,100.82178543821449,173,1,36204.0,0.12993468452867812,105.30003190912291,16448.939999999686
5000,xgb_hurdle,5,0.5081432551117302,0.4676069945192445,-4.6629367034256575e-15,98.43159213364008,156,2,35831.0,0.12001834759009682,112.76188462156723,23400.007749999906
5000,xgb_hurdle,6,0.47267019691176293,0.4676069945192445,-5.995204332975845e-15,99.87928061363247,186,1,41614.72,0.13976784510521922,112.64953697183144,12354.86099999964
5000,xgb_hurdle,7,0.48778794899906275,0.4676069945192445,-5.995204332975845e-15,99.2308670106889,187,1,125847.05,0.3261893639350105,145.86756788388428,18223.330099999213
5000,xgb_hurdle,8,0.46585437182314215,0.4676069945192445,-7.549516567451064e-15,100.18813162995022,163,1,182500.0,0.4486426470358672,153.73871263937673,44343.52449999961
5000,xgb_hurdle,9,0.8346783914521915,0.4734180249207297,0.06316900770369505,92.47508402157528,204,3,109743.72,0.20521412837356043,201.78644246447698,50420.492849999544
5000,xgb_hurdle,10,0.6666666574943589,0.4676069945192445,-7.549516567451064e-15,94.32670155897613,189,3,70000.0,0.1699617639447679,155.74227724112393,36595.37040000009
5000,xgb_hurdle,11,0.6776353900135502,0.4676069945192445,-7.549516567451064e-15,94.14565714367058,191,3,40199.19,0.10470311380832693,145.19618972190884,37679.79000000003
5000,xgb_hurdle,12,0.5012251725371467,0.4676069945192445,-3.9968028886505635e-15,98.69422678354387,172,1,22600.0,0.0766659979311036,111.4211061023311,15301.720000000087
5000,xgb_hurdle,13,0.501455461355911,0.4676069945192445,-5.773159728050814e-15,98.68533856724926,200,1,18753.6,0.06361666737960192,111.3440175280645,8753.083849999954
5000,xgb_hurdle,14,0.5973412434842028,0.4676069945192445,-7.549516567451064e-15,95.73712908941933,199,2,399213.66000000003,0.5589311160992233,269.8641819441804,24710.29229999656
5000,xgb_hurdle,15,0.6436342899481328,0.4676069945192445,-7.549516567451064e-15,94.7418227454601,191,3,86719.2,0.20998055095317567,156.20360141691475,38729.76000000058
5000,xgb_hurdle,16,0.47483288743838287,0.4676069945192445,-7.549516567451064e-15,99.78347828026467,201,1,96422.32,0.2686348997706963,135.39643951780408,8180.49
5000,xgb_hurdle,17,0.4996978793946243,0.4676069945192445,-7.105427357601002e-15,98.75343182677395,180,1,52954.670000000006,0.16679787782513997,120.32215184274598,20353.695349999627
5000,xgb_hurdle,18,0.6036078074518936,0.4676069945192445,-7.549516567451064e-15,95.58861200252157,189,3,35326.79,0.09870481535786428,135.41716802845133,21791.39160000003
5000,xgb_hurdle,19,0.5516474976123736,0.4676069945192445,-7.327471962526033e-15,96.97033074679351,202,2,86719.2,0.22896655341272354,142.80307453014754,19792.05985000004
5000,xgb_tweedie,0,0.3088979974171461,0.4435619906449577,0.3236870568275121,106.65465166462863,194,4,50000.0,0.133980390737196,141.27655610771373,35411.35194999995
5000,xgb_tweedie,1,0.2887665109206347,0.35528216928748557,0.18002437254781145,117.62882488044504,181,3,28650.0,0.08577879496092546,126.27238644084885,25364.999999999978
5000,xgb_tweedie,2,0.28073049138991035,0.35487751750031504,0.19820057593481544,119.23277500123908,178,3,35831.0,0.09569940786876104,141.2064176735367,22886.105000000134
5000,xgb_tweedie,3,0.2691973458695931,0.36098694451099755,0.15331033740100541,120.90815951632686,188,0,17420.91,0.0643039722534364,102.35291891070068,9400.79789999998
5000,xgb_tweedie,4,0.2535611526017307,0.4460123546836934,0.3630535533702941,111.2432712588869,173,1,36204.0,0.12993468452867812,105.30003190912291,16448.939999999686
5000,xgb_tweedie,5,0.27242358188516846,0.39338415429439677,0.20048595437964156,117.73883963860693,156,2,35831.0,0.12001834759009682,112.76188462156723,23400.007749999906
5000,xgb_tweedie,6,0.2798422771791718,0.4145193278513244,0.2770479089358606,111.04240080168594,186,1,41614.72,0.13976784510521922,112.64953697183144,12354.86099999964
5000,xgb_tweedie,7,0.31753037989399163,0.4398110093138283,0.26356146260301094,107.3097794769313,187,1,125847.05,0.3261893639350105,145.86756788388428,18223.330099999213
5000,xgb_tweedie,8,0.2843943945364924,0.40051309082190323,0.16212210564598206,115.78931060993911,163,1,182500.0,0.4486426470358672,153.73871263937673,44343.52449999961
5000,xgb_tweedie,9,0.400179996154919,0.4239032385801824,0.33610343381539765,100.22871137964303,204,3,109743.72,0.20521412837356043,201.78644246447698,50420.492849999544
5000,xgb_tweedie,10,0.31258355104347807,0.4128634974725265,0.30468320757679646,107.4501371771053,189,3,70000.0,0.1699617639447679,155.74227724112393,36595.37040000009
5000,xgb_tweedie,11,0.3339569136979339,0.358197456588486,0.1385135538084581,111.71233862831184,191,3,40199.19,0.10470311380832693,145.19618972190884,37679.79000000003
5000,xgb_tweedie,12,0.2675927270653898,0.41935142253896407,0.36425223235799986,112.26616952245492,172,1,22600.0,0.0766659979311036,111.4211061023311,15301.720000000087
5000,xgb_tweedie,13,0.2715492708748158,0.4123945435521019,0.2111153439163178,115.74908709782912,200,1,18753.6,0.06361666737960192,111.3440175280645,8753.083849999954
5000,xgb_tweedie,14,0.41809088893613977,0.36541368478910663,0.13420862511332976,105.98712780105637,199,2,399213.66000000003,0.5589311160992233,269.8641819441804,24710.29229999656
5000,xgb_tweedie,15,0.2842573597188424,0.4383151084309507,0.2675161919118664,110.82350237365979,191,3,86719.2,0.20998055095317567,156.20360141691475,38729.76000000058
5000,xgb_tweedie,16,0.29684503878809215,0.2766661765124061,0.08627408734056319,119.45682319058055,201,1,96422.32,0.2686348997706963,135.39643951780408,8180.49
5000,xgb_tweedie,17,0.2755392685927999,0.3528802937904587,0.15445042632566464,118.98962734865353,180,1,52954.670000000006,0.16679787782513997,120.32215184274598,20353.695349999627
5000,xgb_tweedie,18,0.33006782074165075,0.25582943292126215,0.1312412334279761,118.62220469215657,189,3,35326.79,0.09870481535786428,135.41716802845133,21791.39160000003
5000,xgb_tweedie,19,0.3169826567874676,0.3752347370583068,0.1846013883632035,112.07272733703573,202,2,86719.2,0.22896655341272354,142.80307453014754,19792.05985000004
10000,glm_hurdle,0,0.5423257090552663,0.41681445188127997,0.14391571971123518,98.28910969167485,363,3,70208.0,0.10456337018608312,126.81558575657294,26536.163399999987
10000,glm_hurdle,1,0.5951205226901475,0.47379070819829694,0.21402394989731444,93.91779612074133,360,3,182500.0,0.21618462844845426,159.5824958456642,20556.728899999845
10000,glm_hurdle,2,0.7873068342063668,0.4400385873886523,0.21726461062945912,93.29110534700156,354,8,281897.49,0.24684208968128793,215.68450326146413,75591.27420000061
10000,glm_hurdle,3,0.5047700249656213,0.531058646829039,0.25160557975883147,93.3834568971586,396,1,182500.0,0.24402000236639232,141.36505291247173,12142.9785
10000,glm_hurdle,4,0.5614768259151213,0.46000445516102384,0.34602987420024944,95.07566168013791,330,5,85442.21,0.1248149116070629,129.30200952668102,39073.52585000031
10000,glm_hurdle,5,0.6868824586384175,0.42168250520336614,0.16998544996517906,96.03225645501074,418,5,152666.39,0.17121266076407335,168.50977970915037,34829.63160000033
10000,glm_hurdle,6,0.5487012170613181,0.4395793055821582,0.13209324671111855,98.5401587424389,361,3,287423.0,0.3239302757220602,167.9977890726829,44567.29599999977
10000,glm_hurdle,7,0.6452573091221555,0.499567117159473,0.4257353632206139,90.37975161083544,378,4,1404185.52,0.6471074808405455,410.04916153399284,66231.63485000089
10000,glm_hurdle,8,0.5254678187153641,0.47843977122489645,0.2935472175399876,94.7694098127683,359,3,128902.06,0.1753963676849998,138.85235726211596,34402.612199998955
10000,glm_hurdle,9,0.48861112388322947,0.4780683357788379,0.25585162665226,96.21580076223078,372,3,42829.24,0.07164374065315292,112.97587321574586,21047.418049999615
10000,glm_hurdle,10,0.556040008291453,0.4342312233089797,0.15361207766500906,97.63071840854454,343,3,86719.2,0.12830418504238147,127.72478946205752,42551.95410000003
10000,glm_hurdle,11,0.4664404344969036,0.4814538989982735,0.3413713038046614,96.03455707650912,368,2,51204.0,0.08812315694790358,109.87996350380499,15095.012100000422
10000,glm_hurdle,12,0.5445165532643333,0.41913817413548204,0.14773352044883703,98.50229619434002,372,2,32288.28,0.050569456667004596,120.81201769470508,13899.289499999884
10000,glm_hurdle,13,0.5958637194466245,0.46910264341011576,0.36495852356334324,93.48989110967553,384,4,73002.7,0.09971715523761378,138.23888670147645,34583.88989999988
10000,glm_hurdle,14,0.4677915279348056,0.47208755587349027,0.23011968103264357,97.67059078556295,346,1,22600.0,0.04140119524151516,103.30323709381065,11953.926249999999
10000,glm_hurdle,15,0.7643146988444584,0.41279053745454997,0.3088905650188215,93.88038689922547,387,7,208472.6,0.2041129594633409,193.00477000830836,51149.66949999989
10000,glm_hurdle,16,0.459807021238536,0.4676069307518691,0.24826675362232276,98.90107595442178,347,4,35831.0,0.0666278204277316,101.76902541358739,22219.000799999852
10000,glm_hurdle,17,0.47923286447267205,0.4983684693810422,0.37688907551280915,94.82685860238045,351,2,70208.0,0.11407830947540375,116.3056218295577,13898.789999999999
10000,glm_hurdle,18,0.5272400958772991,0.523825773949308,0.24793830937859274,92.53674992396346,364,1,19122.04,0.031837167199321795,113.53723452955862,16422.673150000002
10000,glm_hurdle,19,0.7321867516025298,0.30033180503539825,0.03551085075698679,100.63224705277663,358,6,114759.95,0.12698629597510916,170.88431694728865,64070.88154999997
10000,glm_tweedie,0,0.5826959900803769,0.20298186367476467,0.0850354258795839,104.95480620582546,363,3,70208.0,0.10456337018608312,126.81558575657294,26536.163399999987
10000,glm_tweedie,1,0.7276808427592385,0.4307623697598981,0.2995003896781383,93.03781833311888,360,3,182500.0,0.21618462844845426,159.5824958456642,20556.728899999845
10000,glm_tweedie,2,0.9523428120284695,0.2057952741441872,0.10715806510404802,103.07680837842751,354,8,281897.49,0.24684208968128793,215.68450326146413,75591.27420000061
10000,glm_tweedie,3,0.6246717756122243,0.45693533328635083,0.3205888001805265,93.54056884443823,396,1,182500.0,0.24402000236639232,141.36505291247173,12142.9785
10000,glm_tweedie,4,0.5910393585128694,0.41554995112093096,0.3188608075427287,97.28504573166309,330,5,85442.21,0.1248149116070629,129.30200952668102,39073.52585000031
10000,glm_tweedie,5,0.7388951741348669,0.3852628475498452,0.20874405687173203,97.72010000210022,418,5,152666.39,0.17121266076407335,168.50977970915037,34829.63160000033
10000,glm_tweedie,6,0.7215045393663496,0.21825507206604755,0.11057475442219766,105.76471588592037,361,3,287423.0,0.3239302757220602,167.9977890726829,44567.29599999977
10000,glm_tweedie,7,1.5095919304038539,0.43347871712956065,0.44431994783089723,96.52467556105455,378,4,1404185.52,0.6471074808405455,410.04916153399284,66231.63485000089
10000,glm_tweedie,8,0.6272274935641983,0.4159118139235629,0.27986822836354674,96.99090695654178,359,3,128902.06,0.1753963676849998,138.85235726211596,34402.612199998955
10000,glm_tweedie,9,0.5210431078558716,0.33007022875713776,0.12445047162523004,102.97553324590754,372,3,42829.24,0.07164374065315292,112.97587321574586,21047.418049999615
10000,glm_tweedie,10,0.6082479614087701,0.3575827734448649,0.14765065001072264,100.41822510515965,343,3,86719.2,0.12830418504238147,127.72478946205752,42551.95410000003
10000,glm_tweedie,11,0.5131009202087063,0.41814715165335903,0.30446983422304397,99.03512009205411,368,2,51204.0,0.08812315694790358,109.87996350380499,15095.012100000422
10000,glm_tweedie,12,0.5555864221401746,0.3521890831980625,0.13034084445592875,101.41588519324146,372,2,32288.28,0.050569456667004596,120.81201769470508,13899.289499999884
10000,glm_tweedie,13,0.6301684021959539,0.36606205825361826,0.24163080514343982,100.14775478158023,384,4,73002.7,0.09971715523761378,138.23888670147645,34583.88989999988
10000,glm_tweedie,14,0.4811809935831085,0.34845629331422767,0.13604449027129373,104.65862867159687,346,1,22600.0,0.04140119524151516,103.30323709381065,11953.926249999999
10000,glm_tweedie,15,0.8982886877002865,0.33690123925165716,0.2408223017752762,99.42787647675581,387,7,208472.6,0.2041129594633409,193.00477000830836,51149.66949999989
10000,glm_tweedie,16,0.4788254173589995,0.3691526026488645,0.1456611034166997,105.2129690688617,347,4,35831.0,0.0666278204277316,101.76902541358739,22219.000799999852
10000,glm_tweedie,17,0.5464723685136352,0.4115434803076554,0.24150361341043647,99.97969862742731,351,2,70208.0,0.11407830947540375,116.3056218295577,13898.789999999999
10000,glm_tweedie,18,0.5339349020245179,0.41397433354720714,0.1438373644076375,98.4098099955032,364,1,19122.04,0.031837167199321795,113.53723452955862,16422.673150000002
10000,glm_tweedie,19,0.7644872144416498,0.15373656210635878,0.04450667265680264,106.4012947606493,358,6,114759.95,0.12698629597510916,170.88431694728865,64070.88154999997
10000,intercept,0,0.5872083474099385,-2.1005419625907962e-13,-0.011359594713832077,105.37244286176701,363,3,70208.0,0.10456337018608312,126.81558575657294,26536.163399999987
10000,intercept,1,0.7389326248980312,-2.1005419625907962e-13,-0.011359594713832077,102.53042812139137,360,3,182500.0,0.21618462844845426,159.5824958456642,20556.728899999845
10000,intercept,2,0.9987080055381391,-2.1005419625907962e-13,-0.011359594713832077,101.18270576907051,354,8,281897.49,0.24684208968128793,215.68450326146413,75591.27420000061
10000,intercept,3,0.6545783675327819,-2.1005419625907962e-13,-0.011359594713832077,103.83156197914882,396,1,182500.0,0.24402000236639232,141.36505291247173,12142.9785
10000,intercept,4,0.598721512643497,-2.1005419625907962e-13,-0.011359594713832077,105.07075443325405,330,5,85442.21,0.1248149116070629,129.30200952668102,39073.52585000031
10000,intercept,5,0.7802696228156188,-2.1005419625907962e-13,-0.011359594713832077,102.08853017153606,418,5,152666.39,0.17121266076407335,168.50977970915037,34829.63160000033
10000,intercept,6,0.7778988954816263,-2.1005419625907962e-13,-0.011359594713832077,102.11091502348877,361,3,287423.0,0.3239302757220602,167.9977890726829,44567.29599999977
10000,intercept,7,1.8986963555363054,-2.1005419625907962e-13,-0.011359594713832077,107.27593923097614,378,4,1404185.52,0.6471074808405455,410.04916153399284,66231.63485000089
10000,intercept,8,0.6429435526826436,-2.1005419625907962e-13,-0.011359594713832077,104.06144636406816,359,3,128902.06,0.1753963676849998,138.85235726211596,34402.612199998955
10000,intercept,9,0.523124783223062,-2.1005419625907962e-13,-0.011359594713832077,107.40637986037069,372,3,42829.24,0.07164374065315292,112.97587321574586,21047.418049999615
10000,intercept,10,0.5914183347089871,-2.1005419625907962e-13,-0.011359594713832077,105.26011186527968,343,3,86719.2,0.12830418504238147,127.72478946205752,42551.95410000003
10000,intercept,11,0.5087894472717792,-2.1005419625907962e-13,-0.011359594713832077,107.95679271213427,368,2,51204.0,0.08812315694790358,109.87996350380499,15095.012100000422
10000,intercept,12,0.5594093567800363,-2.1005419625907962e-13,-0.011359594713832077,106.17617431892843,372,2,32288.28,0.050569456667004596,120.81201769470508,13899.289499999884
10000,intercept,13,0.6401029315401504,-2.1005419625907962e-13,-0.011359594713832077,104.11969411512496,384,4,73002.7,0.09971715523761378,138.23888670147645,34583.88989999988
10000,intercept,14,0.4783364976320312,-2.1005419625907962e-13,-0.011359594713832077,109.26543521640417,346,1,22600.0,0.04140119524151516,103.30323709381065,11953.926249999999
10000,intercept,15,0.8936915077328328,-2.1005419625907962e-13,-0.011359594713832077,101.3683742553436,387,7,208472.6,0.2041129594633409,193.00477000830836,51149.66949999989
10000,intercept,16,0.4712324662154966,-2.1005419625907962e-13,-0.011359594713832077,109.60066610613923,347,4,35831.0,0.0666278204277316,101.76902541358739,22219.000799999852
10000,intercept,17,0.5385428895160862,-2.1005419625907962e-13,-0.011359594713832077,106.85652370399349,351,2,70208.0,0.11407830947540375,116.3056218295577,13898.789999999999
10000,intercept,18,0.5257241171094867,-2.1005419625907962e-13,-0.011359594713832077,107.31070881287124,364,1,19122.04,0.031837167199321795,113.53723452955862,16422.673150000002
10000,intercept,19,0.7912647073641935,-2.1005419625907962e-13,-0.011359594713832077,101.98912333211491,358,6,114759.95,0.12698629597510916,170.88431694728865,64070.88154999997
10000,one_over_exposure,0,0.5899291475197804,0.4676069945192445,-7.549516567451064e-15,95.91883134645029,363,3,70208.0,0.10456337018608312,126.81558575657294,26536.163399999987
10000,one_over_exposure,1,0.7417044482268313,0.4676069945192445,-8.215650382226158e-15,93.27624029699322,360,3,182500.0,0.21618462844845426,159.5824958456642,20556.728899999845
10000,one_over_exposure,2,1.00337856758025,0.4676069945192445,-3.9968028886505635e-15,91.98768215170632,354,8,281897.49,0.24684208968128793,215.68450326146413,75591.27420000061
10000,one_over_exposure,3,0.6570981845895059,0.4676069945192445,-7.549516567451064e-15,94.49324015707538,396,1,182500.0,0.24402000236639232,141.36505291247173,12142.9785
10000,one_over_exposure,4,0.6014490248544686,0.4676069945192445,-6.661338147750939e-15,95.63925629712921,330,5,85442.21,0.1248149116070629,129.30200952668102,39073.52585000031
10000,one_over_exposure,5,0.7834303376834835,0.4676069945192445,-8.659739592076221e-15,92.85847399152804,418,5,152666.39,0.17121266076407335,168.50977970915037,34829.63160000033
10000,one_over_exposure,6,0.7795837949045955,0.4676069945192445,-7.327471962526033e-15,92.89269143348157,361,3,287423.0,0.3239302757220602,167.9977890726829,44567.29599999977
10000,one_over_exposure,7,1.906517935887388,0.4676069945192445,-5.551115123125783e-15,97.5113544576127,378,4,1404185.52,0.6471074808405455,410.04916153399284,66231.63485000089
10000,one_over_exposure,8,0.6457019355238565,0.4676069945192445,-7.549516567451064e-15,94.70253315906865,359,3,128902.06,0.1753963676849998,138.85235726211596,34402.612199998955
10000,one_over_exposure,9,0.5252365504713431,0.4676069945192445,-6.217248937900877e-15,97.81989680026433,372,3,42829.24,0.07164374065315292,112.97587321574586,21047.418049999615
10000,one_over_exposure,10,0.5938370168083613,0.4676069945192445,-7.549516567451064e-15,95.82220516007189,343,3,86719.2,0.12830418504238147,127.72478946205752,42551.95410000003
10000,one_over_exposure,11,0.51051283745097,0.4676069945192445,-4.6629367034256575e-15,98.34368245238817,368,2,51204.0,0.08812315694790358,109.87996350380499,15095.012100000422
10000,one_over_exposure,12,0.5609826747173102,0.4676069945192445,-7.771561172376096e-15,96.69542358449038,372,2,32288.28,0.050569456667004596,120.81201769470508,13899.289499999884
10000,one_over_exposure,13,0.6432234483569007,0.4676069945192445,-7.549516567451064e-15,94.74967873066858,384,4,73002.7,0.09971715523761378,138.23888670147645,34583.88989999988
10000,one_over_exposure,14,0.47961017199375217,0.4676069945192445,-6.439293542825908e-15,99.5755107640566,346,1,22600.0,0.04140119524151516,103.30323709381065,11953.926249999999
10000,one_over_exposure,15,0.8973693432740165,0.4676069945192445,-4.6629367034256575e-15,92.17477069687196,387,7,208472.6,0.2041129594633409,193.00477000830836,51149.66949999989
10000,one_over_exposure,16,0.4724938367801439,0.4676069945192445,-7.327471962526033e-15,99.88713906676449,347,4,35831.0,0.0666278204277316,101.76902541358739,22219.000799999852
10000,one_over_exposure,17,0.540724876791508,0.4676069945192445,0.0,97.30837770382442,351,2,70208.0,0.11407830947540375,116.3056218295577,13898.789999999999
10000,one_over_exposure,18,0.5277067260511688,0.4676069945192445,-4.6629367034256575e-15,97.73568414152548,364,1,19122.04,0.031837167199321795,113.53723452955862,16422.673150000002
10000,one_over_exposure,19,0.7940106366590631,0.4676069945192445,-8.659739592076221e-15,92.76857340758002,358,6,114759.95,0.12698629597510916,170.88431694728865,64070.88154999997
10000,tabicl,0,0.38966914571593414,0.5009516203118538,0.16425454190550792,101.63586899101463,363,3,70208.0,0.10456337018608312,126.81558575657294,26536.163399999987
10000,tabicl,1,0.44844493268626917,0.5581618302827492,0.40022995757726254,93.02534333719058,360,3,182500.0,0.21618462844845426,159.5824958456642,20556.728899999845
10000,tabicl,2,0.6948181306672176,0.486947801905262,0.29012550348874266,91.21026779802403,354,8,281897.49,0.24684208968128793,215.68450326146413,75591.27420000061
10000,tabicl,3,0.4225593707708865,0.5341157000581044,0.3287976441161826,96.51064393437495,396,1,182500.0,0.24402000236639232,141.36505291247173,12142.9785
10000,tabicl,4,0.43592359913755196,0.5154190160484123,0.2774362104567064,98.10132795114966,330,5,85442.21,0.1248149116070629,129.30200952668102,39073.52585000031
10000,tabicl,5,0.5577779758720759,0.4638799202791224,0.23103617696725443,96.81873256818335,418,5,152666.39,0.17121266076407335,168.50977970915037,34829.63160000033
10000,tabicl,6,0.5029720277114588,0.4309748890783017,0.17308615500274893,99.73088722919078,361,3,287423.0,0.3239302757220602,167.9977890726829,44567.29599999977
10000,tabicl,7,0.5049240027581103,0.5707351010033824,0.46272400380918544,88.91196689017784,378,4,1404185.52,0.6471074808405455,410.04916153399284,66231.63485000089
10000,tabicl,8,0.4787747896815538,0.5678182366124906,0.37943975061315727,91.79408692602743,359,3,128902.06,0.1753963676849998,138.85235726211596,34402.612199998955
10000,tabicl,9,0.39251620749227667,0.5588892206433558,0.1848896043796644,98.39314479682803,372,3,42829.24,0.07164374065315292,112.97587321574586,21047.418049999615
10000,tabicl,10,0.4394725923333037,0.5605567690722367,0.35514919467099904,93.63800673933362,343,3,86719.2,0.12830418504238147,127.72478946205752,42551.95410000003
10000,tabicl,11,0.3558263888775228,0.5347565532362739,0.45298904400651885,97.12024224169929,368,2,51204.0,0.08812315694790358,109.87996350380499,15095.012100000422
10000,tabicl,12,0.39268588758586737,0.5246700277879022,0.1942798066057193,101.34907517299092,372,2,32288.28,0.050569456667004596,120.81201769470508,13899.289499999884
10000,tabicl,13,0.4722981132489917,0.5528607468736748,0.45598685071285816,92.47566783789124,384,4,73002.7,0.09971715523761378,138.23888670147645,34583.88989999988
10000,tabicl,14,0.3670639483195061,0.5131178591093027,0.2779193086738615,101.14713124500676,346,1,22600.0,0.04140119524151516,103.30323709381065,11953.926249999999
10000,tabicl,15,0.5619021979218127,0.5612372509654979,0.49285610361711285,87.62023479307571,387,7,208472.6,0.2041129594633409,193.00477000830836,51149.66949999989
10000,tabicl,16,0.35989428991846906,0.5537069082535089,0.46382841552827403,95.79602601408651,347,4,35831.0,0.0666278204277316,101.76902541358739,22219.000799999852
10000,tabicl,17,0.34165904659268076,0.55514447553013,0.4686307472717617,96.46852861693864,351,2,70208.0,0.11407830947540375,116.3056218295577,13898.789999999999
10000,tabicl,18,0.43339206259526913,0.5291627779906365,0.3205897145058896,95.84118980123951,364,1,19122.04,0.031837167199321795,113.53723452955862,16422.673150000002
10000,tabicl,19,0.556882236153687,0.5226787112728076,0.27356451472583987,93.7144627189448,358,6,114759.95,0.12698629597510916,170.88431694728865,64070.88154999997
10000,xgb_hurdle,0,0.5079869283547789,0.4164354380105997,0.005366655901126838,100.9783161770813,363,3,70208.0,0.10456337018608312,126.81558575657294,26536.163399999987
10000,xgb_hurdle,1,0.5617996197860227,0.5240600664411434,0.17454947634520268,93.81790907266834,360,3,182500.0,0.21618462844845426,159.5824958456642,20556.728899999845
10000,xgb_hurdle,2,0.6648475537168568,0.49917230953761904,0.14710208914134093,93.14936251799153,354,8,281897.49,0.24684208968128793,215.68450326146413,75591.27420000061
10000,xgb_hurdle,3,0.48522394274278063,0.5392241797873072,0.18217255901391582,95.75486556997599,396,1,182500.0,0.24402000236639232,141.36505291247173,12142.9785
10000,xgb_hurdle,4,0.49138942904062227,0.5392796255147714,0.3019991249207842,93.94623121000072,330,5,85442.21,0.1248149116070629,129.30200952668102,39073.52585000031
10000,xgb_hurdle,5,0.5859801174393391,0.4963649846956206,0.14970143718653517,93.98525931232076,418,5,152666.39,0.17121266076407335,168.50977970915037,34829.63160000033
10000,xgb_hurdle,6,0.5101940424370462,0.5436625559392578,0.24983696465638328,94.08243600472086,361,3,287423.0,0.3239302757220602,167.9977890726829,44567.29599999977
10000,xgb_hurdle,7,0.5475201647020572,0.5149554205003393,0.3757010070491764,92.03921160638491,378,4,1404185.52,0.6471074808405455,410.04916153399284,66231.63485000089
10000,xgb_hurdle,8,0.48947046034899416,0.501767874932189,0.15746327902502377,96.85668726391233,359,3,128902.06,0.1753963676849998,138.85235726211596,34402.612199998955
10000,xgb_hurdle,9,0.4741022123109603,0.5125813791597531,0.1948224343688859,96.62090017189367,372,3,42829.24,0.07164374065315292,112.97587321574586,21047.418049999615
10000,xgb_hurdle,10,0.5116812303456107,0.46815077365647273,0.031470353457120015,99.7228363575366,343,3,86719.2,0.12830418504238147,127.72478946205752,42551.95410000003
10000,xgb_hurdle,11,0.4470968729871902,0.5251610290011396,0.26035388552232386,96.68295690712218,368,2,51204.0,0.08812315694790358,109.87996350380499,15095.012100000422
10000,xgb_hurdle,12,0.5170687010210636,0.4911678518838708,0.06460584967646166,97.74746427731695,372,2,32288.28,0.050569456667004596,120.81201769470508,13899.289499999884
10000,xgb_hurdle,13,0.5510436639520498,0.5040710495062876,0.3566362755410969,92.53603295375078,384,4,73002.7,0.09971715523761378,138.23888670147645,34583.88989999988
10000,xgb_hurdle,14,0.45763929717716895,0.5206591251866556,0.15191483238288672,97.81158586199744,346,1,22600.0,0.04140119524151516,103.30323709381065,11953.926249999999
10000,xgb_hurdle,15,0.6181895345233074,0.48653850699068424,0.2806461424143494,92.89871319865304,387,7,208472.6,0.2041129594633409,193.00477000830836,51149.66949999989
10000,xgb_hurdle,16,0.42561636580993134,0.5309224412638767,0.2906287403783524,97.28646475052481,347,4,35831.0,0.0666278204277316,101.76902541358739,22219.000799999852
10000,xgb_hurdle,17,0.4545861953744931,0.5488813687477003,0.3237133400708886,94.87076369988291,351,2,70208.0,0.11407830947540375,116.3056218295577,13898.789999999999
10000,xgb_hurdle,18,0.5035465999798766,0.4938987691566388,0.1165281550751136,97.17635923234742,364,1,19122.04,0.031837167199321795,113.53723452955862,16422.673150000002
10000,xgb_hurdle,19,0.6359589180399817,0.36967784225871925,-0.04702217676029541,99.12273349397914,358,6,114759.95,0.12698629597510916,170.88431694728865,64070.88154999997
10000,xgb_tweedie,0,0.3720684351723773,0.3205632332041428,0.13288717381670279,111.11714486084854,363,3,70208.0,0.10456337018608312,126.81558575657294,26536.163399999987
10000,xgb_tweedie,1,0.42284454572946145,0.43292835004580077,0.2936332552909646,102.42135226682996,360,3,182500.0,0.21618462844845426,159.5824958456642,20556.728899999845
10000,xgb_tweedie,2,0.42467867101976187,0.45704702363499594,0.3229723746402471,99.1296644112537,354,8,281897.49,0.24684208968128793,215.68450326146413,75591.27420000061
10000,xgb_tweedie,3,0.40269858979590994,0.41269739409418504,0.1869119488950174,104.64300880248545,396,1,182500.0,0.24402000236639232,141.36505291247173,12142.9785
10000,xgb_tweedie,4,0.337092425979087,0.39775873185010047,0.18894810318788602,110.81598124963743,330,5,85442.21,0.1248149116070629,129.30200952668102,39073.52585000031
10000,xgb_tweedie,5,0.4605059907724422,0.48403796698731694,0.36454288082675634,95.1705504586528,418,5,152666.39,0.17121266076407335,168.50977970915037,34829.63160000033
10000,xgb_tweedie,6,0.39098945120667444,0.438780945163178,0.1987143740561238,103.88140975602893,361,3,287423.0,0.3239302757220602,167.9977890726829,44567.29599999977
10000,xgb_tweedie,7,0.4414350853721425,0.46296461115353005,0.4387398627843597,93.85700856498964,378,4,1404185.52,0.6471074808405455,410.04916153399284,66231.63485000089
10000,xgb_tweedie,8,0.3543264433666136,0.42971383767974813,0.27112052767131356,106.57473341030001,359,3,128902.06,0.1753963676849998,138.85235726211596,34402.612199998955
10000,xgb_tweedie,9,0.3635455402215877,0.4553851379205198,0.23113114255524658,103.95124472668817,372,3,42829.24,0.07164374065315292,112.97587321574586,21047.418049999615
10000,xgb_tweedie,10,0.36174919278758605,0.4288549253759396,0.3474116165092609,103.45422862339973,343,3,86719.2,0.12830418504238147,127.72478946205752,42551.95410000003
10000,xgb_tweedie,11,0.3467648797337681,0.4540233407210713,0.42743978910865266,101.5867355605742,368,2,51204.0,0.08812315694790358,109.87996350380499,15095.012100000422
10000,xgb_tweedie,12,0.38500841169505723,0.43634222861146976,0.247683158576684,103.64828428748449,372,2,32288.28,0.050569456667004596,120.81201769470508,13899.289499999884
10000,xgb_tweedie,13,0.4095292526381788,0.4798298545746952,0.32762611808497677,99.13771527642703,384,4,73002.7,0.09971715523761378,138.23888670147645,34583.88989999988
10000,xgb_tweedie,14,0.35066942593893413,0.41228844851647517,0.255575565434621,108.95532831042897,346,1,22600.0,0.04140119524151516,103.30323709381065,11953.926249999999
10000,xgb_tweedie,15,0.433458020786544,0.46554362459870013,0.41686759154282615,97.02157332256637,387,7,208472.6,0.2041129594633409,193.00477000830836,51149.66949999989
10000,xgb_tweedie,16,0.330164028831017,0.45638164966408334,0.4189358547791382,102.24573555768903,347,4,35831.0,0.0666278204277316,101.76902541358739,22219.000799999852
10000,xgb_tweedie,17,0.34881911186722303,0.4900889243738973,0.4595762267943744,96.93213472038282,351,2,70208.0,0.11407830947540375,116.3056218295577,13898.789999999999
10000,xgb_tweedie,18,0.3755777220812441,0.4154423553758847,0.23630297463239947,105.22783774442934,364,1,19122.04,0.031837167199321795,113.53723452955862,16422.673150000002
10000,xgb_tweedie,19,0.445089737349635,0.32713991435286216,0.13147884109629038,106.4664279044449,358,6,114759.95,0.12698629597510916,170.88431694728865,64070.88154999997
20000,glm_hurdle,0,0.527241501405901,0.5248052794174405,0.22987238403560417,92.83200342520334,767,6,92149.0,0.06980866385297704,124.75412326905774,27232.71359999986
20000,glm_hurdle,1,0.5441740676431697,0.4339813648111519,0.10264124189027246,98.21657963769857,762,7,132628.12,0.09529104469542411,131.6712874625562,23116.96410000056
20000,glm_hurdle,2,0.5825877590663746,0.5196934827336164,0.34188853188322077,91.27219524165528,737,6,255013.03,0.15822492739242947,152.33646819272238,33913.552000000425
20000,glm_hurdle,3,0.5276589314955412,0.4749580255155982,0.24924298241327247,95.5525503909952,727,5,182500.0,0.12723824890803612,135.61628242268972,29077.21020000003
20000,glm_hurdle,4,0.541041378341237,0.45198975361267957,0.1413373076337423,96.77142444078096,744,6,1301172.6,0.496044353734207,248.09624037994493,33915.35999999929
20000,glm_hurdle,5,0.6065019612942999,0.4971639761457308,0.3627929499790429,91.44039597004924,737,7,281897.49,0.15791098565307382,168.65742361638524,49995.970800001596
20000,glm_hurdle,6,0.5598515562543482,0.5081838224839649,0.3809149670886667,91.56321426162049,696,7,89811.14,0.062471315363418496,135.9253934630025,30496.49999999987
20000,glm_hurdle,7,0.47492771353585256,0.5255366973772768,0.38176040801464706,92.81790086217143,707,4,28124.0,0.025450731513967404,104.49447529885484,16893.722300000103
20000,glm_hurdle,8,0.6723523376289422,0.5000312173190122,0.2688400150350242,91.10836775442519,738,12,399213.66000000003,0.19844650633184993,190.2267066483277,47880.73999999875
20000,glm_hurdle,9,0.6569600388728678,0.4324385407980611,0.15029089307290233,95.33601187980544,770,9,281897.49,0.15444337462950725,172.47988391475639,45961.61999999983
20000,glm_hurdle,10,0.6722961834329633,0.47142111607647397,0.23396541442987562,92.75000563758822,764,9,208472.6,0.12080966722118155,163.0636064168221,43779.928349999995
20000,glm_hurdle,11,0.964278333726222,0.4973416303640089,0.39850579233980854,88.58442870270726,744,12,307096.42,0.12011843745596104,241.64042501299346,146472.24579999846
20000,glm_hurdle,12,0.4825822239941267,0.4965579118993225,0.20025611999157833,96.83986981396298,710,3,382955.14,0.24965462950703923,145.03868580719407,14596.725500000046
20000,glm_hurdle,13,0.5288188015788813,0.5163238864095236,0.3807895160008329,91.65610791797853,791,4,132628.12,0.09213789462600318,136.10267386895205,16349.901999999867
20000,glm_hurdle,14,0.9931828284191823,0.26948281827881926,0.07918965379110987,99.80037174832897,707,14,281897.49,0.11409423397455014,233.5966282455981,168235.50970000075
20000,glm_hurdle,15,0.5804801293734075,0.43992908297462907,0.16024932117457857,96.74759174594907,753,8,120000.0,0.08140230281823523,139.35176411806773,30117.552000000003
20000,glm_hurdle,16,0.4740786623896376,0.4314764491419729,0.06877098476370036,101.42639988080867,704,3,114759.95,0.09417388292686088,115.1644383826196,16973.215350000017
20000,glm_hurdle,17,0.6884964997287786,0.40383392904667614,0.08592411350670104,95.92559746220492,760,11,241171.16,0.1336008025116808,170.5470024190931,60689.25000000039
20000,glm_hurdle,18,0.5186191830963622,0.4727874669766061,0.17804730200145646,96.68687027189107,740,6,70000.0,0.05584150928814217,118.58193453078295,20159.75194999994
20000,glm_hurdle,19,0.4566877325955818,0.5394191624426934,0.32900006262785386,93.69610707866593,702,4,47309.94,0.042403462113077,105.54097036252276,18248.453350000018
20000,glm_tweedie,0,0.5776976377232994,0.39463326433589774,0.13594674450051714,99.13266769572284,767,6,92149.0,0.06980866385297704,124.75412326905774,27232.71359999986
20000,glm_tweedie,1,0.6109106542361007,0.2643688988387306,0.08003658257650859,104.01456640634547,762,7,132628.12,0.09529104469542411,131.6712874625562,23116.96410000056
20000,glm_tweedie,2,0.7281448762674616,0.45606370788864636,0.376888825023149,91.69168792165188,737,6,255013.03,0.15822492739242947,152.33646819272238,33913.552000000425
20000,glm_tweedie,3,0.6232013412860128,0.43392755678186845,0.29055807912228193,95.54944745437102,727,5,182500.0,0.12723824890803612,135.61628242268972,29077.21020000003
20000,glm_tweedie,4,0.938439175296897,0.3574487376951818,0.32367320679548073,98.06457010581987,744,6,1301172.6,0.496044353734207,248.09624037994493,33915.35999999929
20000,glm_tweedie,5,0.7670855297170063,0.406588804695712,0.2968124620709326,96.164300228206,737,7,281897.49,0.15791098565307382,168.65742361638524,49995.970800001596
20000,glm_tweedie,6,0.6329006018771304,0.45280985194794643,0.3556425127192663,93.27974502651169,696,7,89811.14,0.062471315363418496,135.9253934630025,30496.49999999987
20000,glm_tweedie,7,0.48593565137384737,0.44493989352948027,0.22920899701865194,97.44259468912787,707,4,28124.0,0.025450731513967404,104.49447529885484,16893.722300000103
20000,glm_tweedie,8,0.8428264790490262,0.36015281612324457,0.19751849687853162,96.23146075183809,738,12,399213.66000000003,0.19844650633184993,190.2267066483277,47880.73999999875
20000,glm_tweedie,9,0.780444526252352,0.23480996849428137,0.09324633310986796,103.76760184994608,770,9,281897.49,0.15444337462950725,172.47988391475639,45961.61999999983
20000,glm_tweedie,10,0.7613373975106943,0.36469681793153663,0.19365430935918082,97.49237421628908,764,9,208472.6,0.12080966722118155,163.0636064168221,43779.928349999995
20000,glm_tweedie,11,1.1624259691708536,0.45269756385262094,0.3959229784908872,91.57025031794444,744,12,307096.42,0.12011843745596104,241.64042501299346,146472.24579999846
20000,glm_tweedie,12,0.7559362725111811,0.4021721242776628,0.14215202875094624,101.85743162847476,710,3,382955.14,0.24965462950703923,145.03868580719407,14596.725500000046
20000,glm_tweedie,13,0.6194737163113742,0.43456369298459574,0.32409056519492496,94.11923161501512,791,4,132628.12,0.09213789462600318,136.10267386895205,16349.901999999867
20000,glm_tweedie,14,1.0964088907798264,0.14779867484172504,0.078734381031347,105.5471546424783,707,14,281897.49,0.11409423397455014,233.5966282455981,168235.50970000075
20000,glm_tweedie,15,0.6541215083880684,0.25893011448086733,0.08134182052767469,104.24245923825279,753,8,120000.0,0.08140230281823523,139.35176411806773,30117.552000000003
20000,glm_tweedie,16,0.5295174002847766,0.22425854879470397,0.06128377195416479,106.76009563401367,704,3,114759.95,0.09417388292686088,115.1644383826196,16973.215350000017
20000,glm_tweedie,17,0.7924744998876874,0.15409403363298568,0.07151656368366777,103.9758073919765,760,11,241171.16,0.1336008025116808,170.5470024190931,60689.25000000039
20000,glm_tweedie,18,0.5529813079490866,0.34247303797263506,0.10711111328099387,102.05714275568414,740,6,70000.0,0.05584150928814217,118.58193453078295,20159.75194999994
20000,glm_tweedie,19,0.4876649819173016,0.43067798018279546,0.1969691918594183,97.89672179744534,702,4,47309.94,0.042403462113077,105.54097036252276,18248.453350000018
20000,intercept,0,0.577662927788844,-2.1005419625907962e-13,-0.011359594713832077,105.63601852428812,767,6,92149.0,0.06980866385297704,124.75412326905774,27232.71359999986
20000,intercept,1,0.6096922444583598,-2.1005419625907962e-13,-0.011359594713832077,104.79898836017854,762,7,132628.12,0.09529104469542411,131.6712874625562,23116.96410000056
20000,intercept,2,0.705380535082051,-2.1005419625907962e-13,-0.011359594713832077,102.9773626080022,737,6,255013.03,0.15822492739242947,152.33646819272238,33913.552000000425
20000,intercept,3,0.6279591945123318,-2.1005419625907962e-13,-0.011359594713832077,104.37846199787246,727,5,182500.0,0.12723824890803612,135.61628242268972,29077.21020000003
20000,intercept,4,1.1487876860165458,-2.1005419625907962e-13,-0.011359594713832077,101.46553518208596,744,6,1301172.6,0.496044353734207,248.09624037994493,33915.35999999929
20000,intercept,5,0.7809532748624499,-2.1005419625907962e-13,-0.011359594713832077,102.08213846090426,737,7,281897.49,0.15791098565307382,168.65742361638524,49995.970800001596
20000,intercept,6,0.6293905058299855,-2.1005419625907962e-13,-0.011359594713832077,104.34712406330867,696,7,89811.14,0.062471315363418496,135.9253934630025,30496.49999999987
20000,intercept,7,0.4838524207228908,-2.1005419625907962e-13,-0.011359594713832077,109.01332135996289,707,4,28124.0,0.025450731513967404,104.49447529885484,16893.722300000103
20000,intercept,8,0.8808279311867627,-2.1005419625907962e-13,-0.011359594713832077,101.41938820598128,738,12,399213.66000000003,0.19844650633184993,190.2267066483277,47880.73999999875
20000,intercept,9,0.7986528390087305,-2.1005419625907962e-13,-0.011359594713832077,101.92630257753318,770,9,281897.49,0.15444337462950725,172.47988391475639,45961.61999999983
20000,intercept,10,0.7550515993399005,-2.1005419625907962e-13,-0.011359594713832077,102.34472300428367,764,9,208472.6,0.12080966722118155,163.0636064168221,43779.928349999995
20000,intercept,11,1.1188946042616896,-2.1005419625907962e-13,-0.011359594713832077,101.36819781572211,744,12,307096.42,0.12011843745596104,241.64042501299346,146472.24579999846
20000,intercept,12,0.6715887995568194,-2.1005419625907962e-13,-0.011359594713832077,103.51951478956805,710,3,382955.14,0.24965462950703923,145.03868580719407,14596.725500000046
20000,intercept,13,0.6302113870614582,-2.1005419625907962e-13,-0.011359594713832077,104.32925379223497,791,4,132628.12,0.09213789462600318,136.10267386895205,16349.901999999867
20000,intercept,14,1.0816485151591222,-2.1005419625907962e-13,-0.011359594713832077,101.27321973559245,707,14,281897.49,0.11409423397455014,233.5966282455981,168235.50970000075
20000,intercept,15,0.6452560119345494,-2.1005419625907962e-13,-0.011359594713832077,104.01465184844115,753,8,120000.0,0.08140230281823523,139.35176411806773,30117.552000000003
20000,intercept,16,0.5332587405530842,-2.1005419625907962e-13,-0.011359594713832077,107.04025880193431,704,3,114759.95,0.09417388292686088,115.1644383826196,16973.215350000017
20000,intercept,17,0.7897028022917424,-2.1005419625907962e-13,-0.011359594713832077,102.00280862762759,760,11,241171.16,0.1336008025116808,170.5470024190931,60689.25000000039
20000,intercept,18,0.5490831540387808,-2.1005419625907962e-13,-0.011359594713832077,106.50407980570706,740,6,70000.0,0.05584150928814217,118.58193453078295,20159.75194999994
20000,intercept,19,0.4886981235065273,-2.1005419625907962e-13,-0.011359594713832077,108.79754890262295,702,4,47309.94,0.042403462113077,105.54097036252276,18248.453350000018
20000,one_over_exposure,0,0.5798880122395906,0.4676069945192445,-7.549516567451064e-15,96.17580575904758,767,6,92149.0,0.06980866385297704,124.75412326905774,27232.71359999986
20000,one_over_exposure,1,0.6114294530402853,0.4676069945192445,-7.549516567451064e-15,95.40958840426475,762,7,132628.12,0.09529104469542411,131.6712874625562,23116.96410000056
20000,one_over_exposure,2,0.7080277773858202,0.4676069945192445,-6.661338147750939e-15,93.69537719248937,737,6,255013.03,0.15822492739242947,152.33646819272238,33913.552000000425
20000,one_over_exposure,3,0.6300978751852198,0.4676069945192445,-7.327471962526033e-15,95.00943117012838,727,5,182500.0,0.12723824890803612,135.61628242268972,29077.21020000003
20000,one_over_exposure,4,1.1523309554513292,0.4676069945192445,-7.549516567451064e-15,92.22480961860676,744,6,1301172.6,0.496044353734207,248.09624037994493,33915.35999999929
20000,one_over_exposure,5,0.7842268267106631,0.4676069945192445,-7.771561172376096e-15,92.851492116669,737,7,281897.49,0.15791098565307382,168.65742361638524,49995.970800001596
20000,one_over_exposure,6,0.6315567608053477,0.4676069945192445,-7.549516567451064e-15,94.97970525077238,696,7,89811.14,0.062471315363418496,135.9253934630025,30496.49999999987
20000,one_over_exposure,7,0.48544457228998567,0.4676069945192445,-4.440892098500626e-15,99.32818937348844,707,4,28124.0,0.025450731513967404,104.49447529885484,16893.722300000103
20000,one_over_exposure,8,0.8837405149234376,0.4676069945192445,-7.993605777301127e-15,92.22676088020226,738,12,399213.66000000003,0.19844650633184993,190.2267066483277,47880.73999999875
20000,one_over_exposure,9,0.8018345330677803,0.4676069945192445,-9.769962616701378e-15,92.705967780471,770,9,281897.49,0.15444337462950725,172.47988391475639,45961.61999999983
20000,one_over_exposure,10,0.7580714217678924,0.4676069945192445,-7.549516567451064e-15,93.09980933591163,764,9,208472.6,0.12080966722118155,163.0636064168221,43779.928349999995
20000,one_over_exposure,11,1.1231245215071977,0.4676069945192445,-3.1086244689504383e-15,92.14158708192213,744,12,307096.42,0.12011843745596104,241.64042501299346,146472.24579999846
20000,one_over_exposure,12,0.673862220922731,0.4676069945192445,-7.549516567451064e-15,94.20677360528065,710,3,382955.14,0.24965462950703923,145.03868580719407,14596.725500000046
20000,one_over_exposure,13,0.6323538384967323,0.4676069945192445,-7.549516567451064e-15,94.96355592433393,791,4,132628.12,0.09213789462600318,136.10267386895205,16349.901999999867
20000,one_over_exposure,14,1.0854013114202294,0.4676069945192445,-4.440892098500626e-15,92.05856489916232,707,14,281897.49,0.11409423397455014,233.5966282455981,168235.50970000075
20000,one_over_exposure,15,0.6476008124929336,0.4676069945192445,-7.771561172376096e-15,94.66681171362997,753,8,120000.0,0.08140230281823523,139.35176411806773,30117.552000000003
20000,one_over_exposure,16,0.5353313815916461,0.4676069945192445,-4.884981308350689e-15,97.48210430744612,704,3,114759.95,0.09417388292686088,115.1644383826196,16973.215350000017
20000,one_over_exposure,17,0.7930108607954911,0.4676069945192445,-7.771561172376096e-15,92.77680806513291,760,11,241171.16,0.1336008025116808,170.5470024190931,60689.25000000039
20000,one_over_exposure,18,0.5506856022985303,0.4676069945192445,-3.1086244689504383e-15,96.99937885527402,740,6,70000.0,0.05584150928814217,118.58193453078295,20159.75194999994
20000,one_over_exposure,19,0.4901329619909372,0.4676069945192445,-6.8833827526759706e-15,99.13460978032045,702,4,47309.94,0.042403462113077,105.54097036252276,18248.453350000018
20000,tabicl,0,0.39407507600304775,0.5441718615351123,0.3079056512040472,97.58177464739072,767,6,92149.0,0.06980866385297704,124.75412326905774,27232.71359999986
20000,tabicl,1,0.42057043475007394,0.5505928118074933,0.3971159568632635,94.80415299814314,762,7,132628.12,0.09529104469542411,131.6712874625562,23116.96410000056
20000,tabicl,2,0.4352849427897763,0.5589904341979578,0.3826724623960548,93.83881427483495,737,6,255013.03,0.15822492739242947,152.33646819272238,33913.552000000425
20000,tabicl,3,0.4001822457924511,0.5427511995751617,0.3797492006940407,96.90128118866774,727,5,182500.0,0.12723824890803612,135.61628242268972,29077.21020000003
20000,tabicl,4,0.4212741115977065,0.53823841641951,0.30909944882242235,96.6281566001262,744,6,1301172.6,0.496044353734207,248.09624037994493,33915.35999999929
20000,tabicl,5,0.4775885243054527,0.5490037672272876,0.5005969210937251,88.51987661403292,737,7,281897.49,0.15791098565307382,168.65742361638524,49995.970800001596
20000,tabicl,6,0.3884274032350555,0.5669178310775413,0.48214811671723745,93.26410296442364,696,7,89811.14,0.062471315363418496,135.9253934630025,30496.49999999987
20000,tabicl,7,0.3676689856743726,0.5613123246282702,0.4970594396859844,92.83762367205118,707,4,28124.0,0.025450731513967404,104.49447529885484,16893.722300000103
20000,tabicl,8,0.5943326805258639,0.5663835650556608,0.3798052160164933,88.94972491370143,738,12,399213.66000000003,0.19844650633184993,190.2267066483277,47880.73999999875
20000,tabicl,9,0.5181368828071193,0.5272246958465756,0.34355946667225523,93.17691089411284,770,9,281897.49,0.15444337462950725,172.47988391475639,45961.61999999983
20000,tabicl,10,0.5038424678316337,0.5587617591952468,0.46944512883880896,89.8632686800649,764,9,208472.6,0.12080966722118155,163.0636064168221,43779.928349999995
20000,tabicl,11,0.6436792558369488,0.5357838873777967,0.4351628705663343,89.16583245581398,744,12,307096.42,0.12011843745596104,241.64042501299346,146472.24579999846
20000,tabicl,12,0.35688674166470413,0.5582693390116641,0.5039832757585402,93.59074902501006,710,3,382955.14,0.24965462950703923,145.03868580719407,14596.725500000046
20000,tabicl,13,0.4049089968965758,0.5661957457343654,0.4889318133041225,91.61482000569177,791,4,132628.12,0.09213789462600318,136.10267386895205,16349.901999999867
20000,tabicl,14,0.6572247195973693,0.5303140121545895,0.33500862522161323,90.72804175552935,707,14,281897.49,0.11409423397455014,233.5966282455981,168235.50970000075
20000,tabicl,15,0.439988683163723,0.5291530135495778,0.4085282756464834,94.96750004700141,753,8,120000.0,0.08140230281823523,139.35176411806773,30117.552000000003
20000,tabicl,16,0.36397941149272683,0.5499627947674433,0.28734507006738785,99.09002531135265,704,3,114759.95,0.09417388292686088,115.1644383826196,16973.215350000017
20000,tabicl,17,0.536261741933985,0.5622728028319421,0.40763401090057383,89.6667205723617,760,11,241171.16,0.1336008025116808,170.5470024190931,60689.25000000039
20000,tabicl,18,0.388756879437325,0.566851325713795,0.4327144934001086,94.82812828926723,740,6,70000.0,0.05584150928814217,118.58193453078295,20159.75194999994
20000,tabicl,19,0.3411933116876594,0.5621640451558736,0.48141519441488545,95.10461242121632,702,4,47309.94,0.042403462113077,105.54097036252276,18248.453350000018
20000,xgb_hurdle,0,0.5010742643699809,0.5370603728854748,0.3032514269565969,94.06690763237039,767,6,92149.0,0.06980866385297704,124.75412326905774,27232.71359999986
20000,xgb_hurdle,1,0.5152290066998574,0.5020784523298074,0.10080108811998034,96.50307897776804,762,7,132628.12,0.09529104469542411,131.6712874625562,23116.96410000056
20000,xgb_hurdle,2,0.5352807508577686,0.5409166435084015,0.3397424987166442,92.59312178549092,737,6,255013.03,0.15822492739242947,152.33646819272238,33913.552000000425
20000,xgb_hurdle,3,0.49673881630735034,0.5236175515138561,0.14516148436910226,95.9809641324896,727,5,182500.0,0.12723824890803612,135.61628242268972,29077.21020000003
20000,xgb_hurdle,4,0.4993980715690586,0.5300554804235941,0.14608900043568085,95.71088296875494,744,6,1301172.6,0.496044353734207,248.09624037994493,33915.35999999929
20000,xgb_hurdle,5,0.5449382438468781,0.5497017393838255,0.4155622795102776,90.61211326366514,737,7,281897.49,0.15791098565307382,168.65742361638524,49995.970800001596
20000,xgb_hurdle,6,0.5263785502039691,0.5371113137963467,0.40593001296157083,91.90077738421901,696,7,89811.14,0.062471315363418496,135.9253934630025,30496.49999999987
20000,xgb_hurdle,7,0.4500246579294677,0.5471822372031765,0.3220511702275808,95.45248049436638,707,4,28124.0,0.025450731513967404,104.49447529885484,16893.722300000103
20000,xgb_hurdle,8,0.6096537794922665,0.5075767805987004,0.10734892250622385,94.05505807672702,738,12,399213.66000000003,0.19844650633184993,190.2267066483277,47880.73999999875
20000,xgb_hurdle,9,0.596307492857531,0.5408495621766578,0.29847222340740676,91.59523489733128,770,9,281897.49,0.15444337462950725,172.47988391475639,45961.61999999983
20000,xgb_hurdle,10,0.6214198458879643,0.5249908697348956,0.2572142549815627,91.97285296850971,764,9,208472.6,0.12080966722118155,163.0636064168221,43779.928349999995
20000,xgb_hurdle,11,0.716009077330803,0.5401056878630918,0.42032210167187567,87.85801825204997,744,12,307096.42,0.12011843745596104,241.64042501299346,146472.24579999846
20000,xgb_hurdle,12,0.46706844229635175,0.5162329977939595,0.24377636128835034,96.79397645848985,710,3,382955.14,0.24965462950703923,145.03868580719407,14596.725500000046
20000,xgb_hurdle,13,0.5055971300019957,0.5160464929894591,0.2085500050891691,95.17032513310734,791,4,132628.12,0.09213789462600318,136.10267386895205,16349.901999999867
20000,xgb_hurdle,14,0.7104944150349051,0.42457405738012377,0.03205677820082631,95.23978378581602,707,14,281897.49,0.11409423397455014,233.5966282455981,168235.50970000075
20000,xgb_hurdle,15,0.5363071640131551,0.5400595038793448,0.3316298601823672,92.71414513336154,753,8,120000.0,0.08140230281823523,139.35176411806773,30117.552000000003
20000,xgb_hurdle,16,0.46112573669106377,0.5235327283539539,0.11441076016957585,97.82509677247995,704,3,114759.95,0.09417388292686088,115.1644383826196,16973.215350000017
20000,xgb_hurdle,17,0.6067384409763937,0.5362415305514058,0.13927164720795393,92.69484925570448,760,11,241171.16,0.1336008025116808,170.5470024190931,60689.25000000039
20000,xgb_hurdle,18,0.4973161903417711,0.5356753014274969,0.25343627416241366,94.67144828419981,740,6,70000.0,0.05584150928814217,118.58193453078295,20159.75194999994
20000,xgb_hurdle,19,0.44773650713966384,0.5322731312856964,0.14499898633020347,97.64879175280834,702,4,47309.94,0.042403462113077,105.54097036252276,18248.453350000018
20000,xgb_tweedie,0,0.3915454055049028,0.39654324170965094,0.18583124507407167,104.53073166497047,767,6,92149.0,0.06980866385297704,124.75412326905774,27232.71359999986
20000,xgb_tweedie,1,0.4064731342203349,0.46259622871641626,0.24426046970429915,100.86386110882245,762,7,132628.12,0.09529104469542411,131.6712874625562,23116.96410000056
20000,xgb_tweedie,2,0.41050366342063904,0.48153900113521275,0.23588709092672966,100.03054645361601,737,6,255013.03,0.15822492739242947,152.33646819272238,33913.552000000425
20000,xgb_tweedie,3,0.38104746873507594,0.4555739178230831,0.1539577607888194,104.58727122000988,727,5,182500.0,0.12723824890803612,135.61628242268972,29077.21020000003
20000,xgb_tweedie,4,0.4836859992396191,0.4416133385156342,0.1865432589970184,98.72187351095803,744,6,1301172.6,0.496044353734207,248.09624037994493,33915.35999999929
20000,xgb_tweedie,5,0.4166585924009672,0.4790132221238982,0.4356848398491242,93.83733902330106,737,7,281897.49,0.15791098565307382,168.65742361638524,49995.970800001596
20000,xgb_tweedie,6,0.37834866836276615,0.4346286412777065,0.1781038496229912,104.5341193735014,696,7,89811.14,0.062471315363418496,135.9253934630025,30496.49999999987
20000,xgb_tweedie,7,0.3311442618920624,0.434595985255944,0.1957251116303601,107.71500302198352,707,4,28124.0,0.025450731513967404,104.49447529885484,16893.722300000103
20000,xgb_tweedie,8,0.4790302471796052,0.4504817859311516,0.2196620581941633,98.14485536673608,738,12,399213.66000000003,0.19844650633184993,190.2267066483277,47880.73999999875
20000,xgb_tweedie,9,0.44745688785114196,0.4704465645059288,0.2134951083167843,99.13231032278351,770,9,281897.49,0.15444337462950725,172.47988391475639,45961.61999999983
20000,xgb_tweedie,10,0.45948297662693693,0.47033480083553647,0.2363346639418189,98.08792209209815,764,9,208472.6,0.12080966722118155,163.0636064168221,43779.928349999995
20000,xgb_tweedie,11,0.49849303345114304,0.4835985117244861,0.3292539125455528,94.20104574275616,744,12,307096.42,0.12011843745596104,241.64042501299346,146472.24579999846
20000,xgb_tweedie,12,0.39331278884414766,0.49291730455950034,0.3816638001671726,97.01124761955022,710,3,382955.14,0.24965462950703923,145.03868580719407,14596.725500000046
20000,xgb_tweedie,13,0.4038569613988423,0.4621977139763085,0.2636595089178425,100.04354683047744,791,4,132628.12,0.09213789462600318,136.10267386895205,16349.901999999867
20000,xgb_tweedie,14,0.4777269004309139,0.3809990278374328,0.1185823362813152,102.62444659876037,707,14,281897.49,0.11409423397455014,233.5966282455981,168235.50970000075
20000,xgb_tweedie,15,0.3915414524607535,0.4734602062080352,0.1836654453766433,103.17715908364272,753,8,120000.0,0.08140230281823523,139.35176411806773,30117.552000000003
20000,xgb_tweedie,16,0.36906573326022074,0.4278110018498097,0.26830878126913105,102.2830111250206,704,3,114759.95,0.09417388292686088,115.1644383826196,16973.215350000017
20000,xgb_tweedie,17,0.43708955050626025,0.47444315508604373,0.24091550567191344,98.36870121030496,760,11,241171.16,0.1336008025116808,170.5470024190931,60689.25000000039
20000,xgb_tweedie,18,0.36847312928639253,0.46763572017040866,0.2611556476676343,101.78152128463114,740,6,70000.0,0.05584150928814217,118.58193453078295,20159.75194999994
20000,xgb_tweedie,19,0.3386740731364069,0.4652878674378714,0.23644881792215977,105.45738863898976,702,4,47309.94,0.042403462113077,105.54097036252276,18248.453350000018
